Country_Region,Age,relative_pop,Values
Albania,<30,0.002153586879249857,1202786.0
Albania,30s,0.002153586879249857,359276.0
Albania,40s,0.002153586879249857,346046.0
Albania,50s,0.002153586879249857,399874.0
Albania,60+,0.002153586879249857,562342.0
Algeria,<30,0.02556229683143438,20373118.629000008
Algeria,30s,0.02556229683143438,5083774.939699999
Algeria,40s,0.02556229683143438,3647763.4755
Algeria,50s,0.02556229683143438,2409272.2885000003
Algeria,60+,0.02556229683143438,2555777.7208399996
Andorra,<30,5.715514614399502e-05,23221.0
Andorra,30s,5.715514614399502e-05,11331.0
Andorra,40s,5.715514614399502e-05,14118.0
Andorra,50s,5.715514614399502e-05,12718.0
Andorra,60+,5.715514614399502e-05,14789.0
Angola,<30,0.019349348508351637,18826481.0
Angola,30s,0.019349348508351637,2886479.0
Angola,40s,0.019349348508351637,1914991.0
Angola,50s,0.019349348508351637,1192488.0
Angola,60+,0.019349348508351637,968583.0
Antigua & B.,<30,7.236810731620767e-05,43135.0
Antigua & B.,30s,7.236810731620767e-05,14116.0
Antigua & B.,40s,7.236810731620767e-05,13922.0
Antigua & B.,50s,7.236810731620767e-05,12410.0
Antigua & B.,60+,7.236810731620767e-05,12870.0
Argentina,<30,0.033717246043857105,21592293.0
Argentina,30s,0.033717246043857105,6429424.0
Argentina,40s,0.033717246043857105,5606795.0
Argentina,50s,0.033717246043857105,4326823.0
Argentina,60+,0.033717246043857105,6983377.0
Armenia,<30,0.0022304229873443505,1225453.0
Armenia,30s,0.0022304229873443505,485119.0
Armenia,40s,0.0022304229873443505,346671.0
Armenia,50s,0.0022304229873443505,399192.0
Armenia,60+,0.0022304229873443505,516297.0
Australia,<30,0.018751992935615833,9810718.0
Australia,30s,0.018751992935615833,3584903.0
Australia,40s,0.018751992935615833,3264783.0
Australia,50s,0.018751992935615833,3058380.0
Australia,60+,0.018751992935615833,5274076.0
Austria,<30,0.006619564864908075,2866660.0
Austria,30s,0.006619564864908075,1187078.0
Austria,40s,0.006619564864908075,1237979.0
Austria,50s,0.006619564864908075,1360002.0
Austria,60+,0.006619564864908075,2170909.0
Azerbaijan,<30,0.0074264738007625,4621289.0
Azerbaijan,30s,0.0074264738007625,1659007.0
Azerbaijan,40s,0.0074264738007625,1268583.0
Azerbaijan,50s,0.0074264738007625,1281702.0
Azerbaijan,60+,0.0074264738007625,1067504.0
Bahamas,<30,0.0002861021086105804,182260.0
Bahamas,30s,0.0002861021086105804,53850.0
Bahamas,40s,0.0002861021086105804,56610.0
Bahamas,50s,0.0002861021086105804,46800.0
Bahamas,60+,0.0002861021086105804,41800.0
Bahrain,<30,0.001127760160845447,677855.0
Bahrain,30s,0.001127760160845447,389709.0
Bahrain,40s,0.001127760160845447,228526.0
Bahrain,50s,0.001127760160845447,130775.0
Bahrain,60+,0.001127760160845447,76226.0
Bangladesh,<30,0.10807512179734483,89523001.0
Bangladesh,30s,0.10807512179734483,20056193.0
Bangladesh,40s,0.10807512179734483,14641735.0
Bangladesh,50s,0.10807512179734483,9053268.0
Bangladesh,60+,0.10807512179734483,10769500.0
Barbados,<30,0.0002084474297605687,110884.0
Barbados,30s,0.0002084474297605687,39301.0
Barbados,40s,0.0002084474297605687,41478.0
Barbados,50s,0.0002084474297605687,36703.0
Barbados,60+,0.0002084474297605687,49455.0
Belarus,<30,0.007121657859169214,3274485.0
Belarus,30s,0.007121657859169214,1482291.0
Belarus,40s,0.007121657859169214,1291512.0
Belarus,50s,0.007121657859169214,1402423.0
Belarus,60+,0.007121657859169214,2041112.0
Belgium,<30,0.008552717617431135,3982496.0
Belgium,30s,0.008552717617431135,1479781.0
Belgium,40s,0.008552717617431135,1513991.0
Belgium,50s,0.008552717617431135,1594245.0
Belgium,60+,0.008552717617431135,2828642.0
Belize,<30,0.00024211087072099799,206451.0
Belize,30s,0.00024211087072099799,43518.0
Belize,40s,0.00024211087072099799,32302.0
Belize,50s,0.00024211087072099799,20360.0
Belize,60+,0.00024211087072099799,20057.0
Benin,<30,0.005080659347474154,4918629.0
Benin,30s,0.005080659347474154,754798.0
Benin,40s,0.005080659347474154,460544.0
Benin,50s,0.005080659347474154,261394.0
Benin,60+,0.005080659347474154,376193.0
Bhutan,<30,0.0005461502580228433,412398.0
Bhutan,30s,0.0005461502580228433,120729.0
Bhutan,40s,0.0005461502580228433,77028.0
Bhutan,50s,0.0005461502580228433,53215.0
Bhutan,60+,0.0005461502580228433,64545.0
Bolivia,<30,0.007549272919382232,6063051.0
Bolivia,30s,0.007549272919382232,1384863.0
Bolivia,40s,0.007549272919382232,1006685.0
Bolivia,50s,0.007549272919382232,727245.0
Bolivia,60+,0.007549272919382232,879909.0
Bosnia & H.,<30,0.002649407415659363,1266835.0
Bosnia & H.,30s,0.002649407415659363,501899.0
Bosnia & H.,40s,0.002649407415659363,502066.0
Bosnia & H.,50s,0.002649407415659363,535112.0
Bosnia & H.,60+,0.002649407415659363,725247.0
Botswana,<30,0.0015192733245935135,1278718.0
Botswana,30s,0.0015192733245935135,305761.0
Botswana,40s,0.0015192733245935135,181558.0
Botswana,50s,0.0015192733245935135,120411.0
Botswana,60+,0.0015192733245935135,138456.0
Brazil,<30,0.14312293172032947,97272772.0
Brazil,30s,0.14312293172032947,29633091.0
Brazil,40s,0.14312293172032947,24842716.0
Brazil,50s,0.14312293172032947,18416623.0
Brazil,60+,0.14312293172032947,20590597.0
Brunei,<30,0.0002952459416055377,211737.0
Brunei,30s,0.0002952459416055377,70692.0
Brunei,40s,0.0002952459416055377,54732.0
Brunei,50s,0.0002952459416055377,33825.0
Brunei,60+,0.0002952459416055377,22521.0
Bulgaria,<30,0.0052896447380337205,2087843.0
Bulgaria,30s,0.0052896447380337205,979421.0
Bulgaria,40s,0.0052896447380337205,1067440.0
Bulgaria,50s,0.0052896447380337205,945874.0
Bulgaria,60+,0.0052896447380337205,1969518.0
Burkina Faso,<30,0.010466860170840938,10169159.0
Burkina Faso,30s,0.010466860170840938,1451644.0
Burkina Faso,40s,0.010466860170840938,977026.0
Burkina Faso,50s,0.010466860170840938,632373.0
Burkina Faso,60+,0.010466860170840938,720143.0
Burma,<30,0.037729651047736165,27502761.0
Burma,30s,0.037729651047736165,7462341.0
Burma,40s,0.037729651047736165,6229221.0
Burma,50s,0.037729651047736165,4611169.0
Burma,60+,0.037729651047736165,4480997.0
Burundi,<30,0.00597709711504461,5896014.0
Burundi,30s,0.00597709711504461,786384.0
Burundi,40s,0.00597709711504461,584610.0
Burundi,50s,0.00597709711504461,370004.0
Burundi,60+,0.00597709711504461,329328.0
Cabo Verde,<30,0.0003686404511156489,311941.0
Cabo Verde,30s,0.0003686404511156489,61740.0
Cabo Verde,40s,0.0003686404511156489,49803.0
Cabo Verde,50s,0.0003686404511156489,30304.0
Cabo Verde,60+,0.0003686404511156489,37540.0
Cambodia,<30,0.010051164281134025,8735645.0
Cambodia,30s,0.010051164281134025,1538183.0
Cambodia,40s,0.010051164281134025,1391101.0
Cambodia,50s,0.010051164281134025,881842.0
Cambodia,60+,0.010051164281134025,849530.0
Cameroon,<30,0.013103011392083717,12593613.0
Cameroon,30s,0.013103011392083717,1933775.0
Cameroon,40s,0.013103011392083717,1290038.0
Cameroon,50s,0.013103011392083717,775768.0
Cameroon,60+,0.013103011392083717,870642.0
Canada,<30,0.02780503735522883,13090644.0
Canada,30s,0.02780503735522883,5064962.0
Canada,40s,0.02780503735522883,4784619.0
Canada,50s,0.02780503735522883,5304199.0
Canada,60+,0.02780503735522883,8814432.0
Chad,<30,0.008277314994426641,8260057.039459999
Chad,30s,0.008277314994426641,1115209.4978200002
Chad,40s,0.008277314994426641,733376.6391299999
Chad,50s,0.008277314994426641,428499.11691999994
Chad,60+,0.008277314994426641,494953.09737850004
Chile,<30,0.0143889988040006,7823007.0
Chile,30s,0.0143889988040006,2837137.0
Chile,40s,0.0143889988040006,2492673.0
Chile,50s,0.0143889988040006,2430505.0
Chile,60+,0.0143889988040006,3594492.0
China,<30,1.0,549638105.0
China,30s,1.0,215164162.0
China,40s,1.0,230348517.0
China,50s,1.0,160065645.0
China,60+,1.0,177594440.0
Colombia,<30,0.031113479762596385,23600180.0
Colombia,30s,0.031113479762596385,5836451.0
Colombia,40s,0.031113479762596385,5023812.0
Colombia,50s,0.031113479762596385,3285998.0
Colombia,60+,0.031113479762596385,3721943.0
Congo,<30,0.002774204567204801,2497276.0
Congo,30s,0.002774204567204801,528109.0
Congo,40s,0.002774204567204801,317489.0
Congo,50s,0.002774204567204801,177108.0
Congo,60+,0.002774204567204801,177508.0
Costa Rica,<30,0.0037542258368242643,2259474.0
Costa Rica,30s,0.0037542258368242643,735405.0
Costa Rica,40s,0.0037542258368242643,610946.0
Costa Rica,50s,0.0037542258368242643,603842.0
Costa Rica,60+,0.0037542258368242643,794006.0
Cote d'Ivoire,<30,0.01700681734161338,15751910.0
Cote d'Ivoire,30s,0.01700681734161338,3130251.0
Cote d'Ivoire,40s,0.01700681734161338,1783626.0
Cote d'Ivoire,50s,0.01700681734161338,1087416.0
Cote d'Ivoire,60+,0.01700681734161338,913668.0
Croatia,<30,0.0030803665362365827,1294181.0
Croatia,30s,0.0030803665362365827,552831.0
Croatia,40s,0.0030803665362365827,543591.0
Croatia,50s,0.0030803665362365827,591011.0
Croatia,60+,0.0030803665362365827,1123932.0
Cuba,<30,0.008554723903590855,3984999.0
Cuba,30s,0.008554723903590855,1368446.5
Cuba,40s,0.008554723903590855,1789664.5
Cuba,50s,0.008554723903590855,1802795.0
Cuba,60+,0.008554723903590855,2455924.0
Cyprus,<30,0.0006304780517212303,330953.0
Cyprus,30s,0.0006304780517212303,131696.0
Cyprus,40s,0.0006304780517212303,116968.0
Cyprus,50s,0.0006304780517212303,103890.0
Cyprus,60+,0.0006304780517212303,156801.0
Czechia,<30,0.007960800925911417,3335639.0
Czechia,30s,0.007960800925911417,1541809.0
Czechia,40s,0.007960800925911417,1675966.0
Czechia,50s,0.007960800925911417,1317890.0
Czechia,60+,0.007960800925911417,2738938.0
Denmark,<30,0.004339650234349942,2083874.0
Denmark,30s,0.004339650234349942,674218.0
Denmark,40s,0.004339650234349942,769744.0
Denmark,50s,0.004339650234349942,796680.0
Denmark,60+,0.004339650234349942,1459417.0
Dominica,<30,5.170501051788767e-05,33714.0
Dominica,30s,5.170501051788767e-05,8536.0
Dominica,40s,5.170501051788767e-05,9425.0
Dominica,50s,5.170501051788767e-05,7039.0
Dominica,60+,5.170501051788767e-05,10199.0
Dominican Rep,<30,0.007086737675756454,5435317.0
Dominican Rep,30s,0.007086737675756454,1349795.0
Dominican Rep,40s,0.007086737675756454,1079857.0
Dominican Rep,50s,0.007086737675756454,724649.0
Dominican Rep,60+,0.007086737675756454,855663.0
Ecuador,<30,0.010866882418858786,8440652.0
Ecuador,30s,0.010866882418858786,2006015.0
Ecuador,40s,0.010866882418858786,1569143.0
Ecuador,50s,0.010866882418858786,1126025.0
Ecuador,60+,0.010866882418858786,1341664.0
Egypt,<30,0.071126991237044,57852249.0
Egypt,30s,0.071126991237044,13830704.0
Egypt,40s,0.071126991237044,9545234.0
Egypt,50s,0.071126991237044,7258467.0
Egypt,60+,0.071126991237044,6312173.0
El Salvador,<30,0.004980288017144014,3722967.0
El Salvador,30s,0.004980288017144014,881082.0
El Salvador,40s,0.004980288017144014,716351.0
El Salvador,50s,0.004980288017144014,533641.0
El Salvador,60+,0.004980288017144014,783741.0
Estonia,<30,0.0009899821727819358,435656.0
Estonia,30s,0.0009899821727819358,188315.0
Estonia,40s,0.0009899821727819358,180698.0
Estonia,50s,0.0009899821727819358,172219.0
Estonia,60+,0.0009899821727819358,342571.0
Eswatini,<30,0.0007635929625660939,723352.0
Eswatini,30s,0.0007635929625660939,114623.0
Eswatini,40s,0.0007635929625660939,75156.0
Eswatini,50s,0.0007635929625660939,47975.0
Eswatini,60+,0.0007635929625660939,56619.0
Ethiopia,<30,0.055334881876627315,54003344.0
Ethiopia,30s,0.055334881876627315,7996708.0
Ethiopia,40s,0.055334881876627315,5120284.0
Ethiopia,50s,0.055334881876627315,3061786.0
Ethiopia,60+,0.055334881876627315,3568810.0
Finland,<30,0.004136743725789649,1868556.0
Finland,30s,0.004136743725789649,702767.0
Finland,40s,0.004136743725789649,660703.0
Finland,50s,0.004136743725789649,734554.0
Finland,60+,0.004136743725789649,1546917.0
France,<30,0.048674562542151655,22751467.0
France,30s,0.048674562542151655,8035336.0
France,40s,0.048674562542151655,8388238.0
France,50s,0.048674562542151655,8532078.0
France,60+,0.048674562542151655,17166867.0
Georgia,<30,0.002798321267291526,1451499.0
Georgia,30s,0.002798321267291526,524706.0
Georgia,40s,0.002798321267291526,477608.0
Georgia,50s,0.002798321267291526,506374.0
Georgia,60+,0.002798321267291526,769446.0
Germany,<30,0.06212150720388521,25152920.0
Germany,30s,0.06212150720388521,10453462.0
Germany,40s,0.06212150720388521,10731644.0
Germany,50s,0.06212150720388521,13369561.0
Germany,60+,0.06212150720388521,23088633.0
Ghana,<30,0.018509101759133388,16433989.0
Ghana,30s,0.018509101759133388,3100212.0
Ghana,40s,0.018509101759133388,2124448.0
Ghana,50s,0.018509101759133388,1356793.0
Ghana,60+,0.018509101759133388,1653690.0
Greece,<30,0.008059031667455587,3219441.0
Greece,30s,0.008059031667455587,1418805.0
Greece,40s,0.008059031667455587,1619329.0
Greece,50s,0.008059031667455587,1483863.0
Greece,60+,0.008059031667455587,2999727.0
Grenada,<30,7.725702302927423e-05,53240.0
Grenada,30s,7.725702302927423e-05,13664.0
Grenada,40s,7.725702302927423e-05,12638.0
Grenada,50s,7.725702302927423e-05,11060.0
Grenada,60+,7.725702302927423e-05,12367.0
Guinea,<30,0.007895539603376389,7496495.0
Guinea,30s,0.007895539603376389,1143059.0
Guinea,40s,0.007895539603376389,766196.0
Guinea,50s,0.007895539603376389,509370.0
Guinea,60+,0.007895539603376389,608141.0
Guinea-Bissau,<30,0.001084885360429935,1059223.0
Guinea-Bissau,30s,0.001084885360429935,158462.0
Guinea-Bissau,40s,0.001084885360429935,100493.0
Guinea-Bissau,50s,0.001084885360429935,60075.0
Guinea-Bissau,60+,0.001084885360429935,67694.0
Guyana,<30,0.0005604358558093361,424988.0
Guyana,30s,0.0005604358558093361,104578.0
Guyana,40s,0.0005604358558093361,91070.0
Guyana,50s,0.0005604358558093361,66487.0
Guyana,60+,0.0005604358558093361,59832.0
Honduras,<30,0.006230884989804206,5429371.185400001
Honduras,30s,0.006230884989804206,1052106.68949
Honduras,40s,0.006230884989804206,717581.1851300001
Honduras,50s,0.006230884989804206,503964.299
Honduras,60+,0.006230884989804206,601567.87888
Hungary,<30,0.007336653104679926,3115475.0
Hungary,30s,0.007336653104679926,1323506.0
Hungary,40s,0.007336653104679926,1558261.0
Hungary,50s,0.007336653104679926,1207262.0
Hungary,60+,0.007336653104679926,2573867.0
Iceland,<30,0.00026143994478484403,142984.0
Iceland,30s,0.00026143994478484403,49155.0
Iceland,40s,0.00026143994478484403,44224.0
Iceland,50s,0.00026143994478484403,43753.0
Iceland,60+,0.00026143994478484403,68334.0
India,<30,0.9051285542900236,705808752.0
India,30s,0.9051285542900236,173735635.0
India,40s,0.9051285542900236,134756439.0
India,50s,0.9051285542900236,88215309.0
India,60+,0.9051285542900236,103849040.0
Indonesia,<30,0.17830086138050544,130686073.0
Indonesia,30s,0.17830086138050544,38335816.0
Indonesia,40s,0.17830086138050544,30565834.0
Indonesia,50s,0.17830086138050544,20009891.0
Indonesia,60+,0.17830086138050544,18043712.0
Iran,<30,0.05996820093459187,39245674.0
Iran,30s,0.05996820093459187,15638511.0
Iran,40s,0.05996820093459187,10351430.0
Iran,50s,0.05996820093459187,7276564.0
Iran,60+,0.05996820093459187,7414091.0
Ireland,<30,0.003624214141969156,1894762.0
Ireland,30s,0.003624214141969156,733791.0
Ireland,40s,0.003624214141969156,705708.0
Ireland,50s,0.003624214141969156,582705.0
Ireland,60+,0.003624214141969156,913426.0
Israel,<30,0.006537510462033905,4374894.0
Israel,30s,0.006537510462033905,1152735.0
Israel,40s,0.006537510462033905,1018136.0
Israel,50s,0.006537510462033905,799442.0
Israel,60+,0.006537510462033905,1368058.0
Italy,<30,0.04538076212222126,17213699.0
Italy,30s,0.04538076212222126,7208084.0
Italy,40s,0.04538076212222126,9427258.0
Italy,50s,0.04538076212222126,9212746.0
Italy,60+,0.04538076212222126,17422186.0
Japan,<30,0.09493394970205633,33993000.0
Japan,30s,0.09493394970205633,14717000.0
Japan,40s,0.09493394970205633,18796000.0
Japan,50s,0.09493394970205633,15919000.0
Japan,60+,0.09493394970205633,43104000.0
Jordan,<30,0.007160577859903392,5998489.0
Jordan,30s,0.007160577859903392,1385590.0
Jordan,40s,0.007160577859903392,1034340.0
Jordan,50s,0.007160577859903392,594536.0
Jordan,60+,0.007160577859903392,530741.0
Kazakhstan,<30,0.013712712302318417,9121369.0
Kazakhstan,30s,0.013712712302318417,2825803.0
Kazakhstan,40s,0.013712712302318417,2232234.0
Kazakhstan,50s,0.013712712302318417,2000061.0
Kazakhstan,60+,0.013712712302318417,2096985.0
Kenya,<30,0.028953103472927937,27717749.0
Kenya,30s,0.028953103472927937,4528138.0
Kenya,40s,0.028953103472927937,2748914.0
Kenya,50s,0.028953103472927937,1668159.0
Kenya,60+,0.028953103472927937,1926051.0
Kuwait,<30,0.0023007022761606846,1532136.0
Kuwait,30s,0.0023007022761606846,744423.0
Kuwait,40s,0.0023007022761606846,477261.0
Kuwait,50s,0.0023007022761606846,211590.0
Kuwait,60+,0.0023007022761606846,100991.0
Kyrgyzstan,<30,0.004794003521890547,3692968.0
Kyrgyzstan,30s,0.004794003521890547,953896.0
Kyrgyzstan,40s,0.004794003521890547,671759.0
Kyrgyzstan,50s,0.004794003521890547,570264.0
Kyrgyzstan,60+,0.004794003521890547,500613.0
Laos,<30,0.004872068611559319,4048833.0
Laos,30s,0.004872068611559319,916317.0
Laos,40s,0.004872068611559319,639777.0
Laos,50s,0.004872068611559319,465025.0
Laos,60+,0.004872068611559319,423594.0
Latvia,<30,0.001451390474817624,616828.0
Latvia,30s,0.001451390474817624,264821.0
Latvia,40s,0.001451390474817624,262146.0
Latvia,50s,0.001451390474817624,275831.0
Latvia,60+,0.001451390474817624,514803.0
Lebanon,<30,0.0028204556906265745,1965309.0
Lebanon,30s,0.0028204556906265745,526325.0
Lebanon,40s,0.0028204556906265745,441755.0
Lebanon,50s,0.0028204556906265745,323275.0
Lebanon,60+,0.0028204556906265745,502470.0
Liberia,<30,0.0026084781275894594,2468555.0
Liberia,30s,0.0026084781275894594,423168.0
Liberia,40s,0.0026084781275894594,274544.0
Liberia,50s,0.0026084781275894594,139400.0
Liberia,60+,0.0026084781275894594,170941.0
Libya,<30,0.003975171664060011,3358604.0
Libya,30s,0.003975171664060011,883628.0
Libya,40s,0.003975171664060011,480991.0
Libya,50s,0.003975171664060011,254896.0
Libya,60+,0.003975171664060011,320033.0
Liechtenstein,<30,2.864397409112065e-05,12254.0
Liechtenstein,30s,2.864397409112065e-05,4788.0
Liechtenstein,40s,2.864397409112065e-05,5730.0
Liechtenstein,50s,2.864397409112065e-05,6260.0
Liechtenstein,60+,2.864397409112065e-05,9145.0
Lithuania,<30,0.0021075015708023914,919678.0
Lithuania,30s,0.0021075015708023914,346610.0
Lithuania,40s,0.0021075015708023914,381161.0
Lithuania,50s,0.0021075015708023914,431278.0
Lithuania,60+,0.0021075015708023914,730174.0
Luxembourg,<30,0.0004517017485396872,212795.0
Luxembourg,30s,0.0004517017485396872,93391.0
Luxembourg,40s,0.0004517017485396872,91457.0
Luxembourg,50s,0.0004517017485396872,85824.0
Luxembourg,60+,0.0004517017485396872,118566.0
Malawi,<30,0.00981361669852949,9628698.0
Malawi,30s,0.00981361669852949,1450877.0
Malawi,40s,0.00981361669852949,784421.0
Malawi,50s,0.00981361669852949,527848.0
Malawi,60+,0.00981361669852949,687851.0
Malaysia,<30,0.022011221308550117,16347885.0
Malaysia,30s,0.022011221308550117,4404087.0
Malaysia,40s,0.022011221308550117,3521858.0
Malaysia,50s,0.022011221308550117,2624312.0
Malaysia,60+,0.022011221308550117,2438653.0
Maldives,<30,0.0004006126981059306,283538.041278
Maldives,30s,0.0004006126981059306,122193.122386
Maldives,40s,0.0004006126981059306,62425.071803000006
Maldives,50s,0.0004006126981059306,36364.86350100001
Maldives,60+,0.0004006126981059306,29419.859327000002
Mali,<30,0.010694054446520274,10418963.0
Mali,30s,0.010694054446520274,1464747.0
Mali,40s,0.010694054446520274,992490.0
Mali,50s,0.010694054446520274,664483.0
Mali,60+,0.010694054446520274,712469.0
Malta,<30,0.000356915606755905,160138.0
Malta,30s,0.000356915606755905,75127.0
Malta,40s,0.000356915606755905,61835.0
Malta,50s,0.000356915606755905,59051.0
Malta,60+,0.000356915606755905,119550.0
Mauritania,<30,0.0026540659911140027,2485496.0
Mauritania,30s,0.0026540659911140027,392482.0
Mauritania,40s,0.0026540659911140027,276149.0
Mauritania,50s,0.0026540659911140027,184210.0
Mauritania,60+,0.0026540659911140027,199031.0
Mauritius,<30,0.0009493492508425815,518323.0
Mauritius,30s,0.0009493492508425815,182428.0
Mauritius,40s,0.0009493492508425815,172181.0
Mauritius,50s,0.0009493492508425815,180356.0
Mauritius,60+,0.0009493492508425815,212015.0
Mexico,<30,0.09497048226727808,65598942.0
Mexico,30s,0.09497048226727808,18616022.0
Mexico,40s,0.09497048226727808,16029594.0
Mexico,50s,0.09497048226727808,12397632.0
Mexico,60+,0.09497048226727808,13935501.0
Moldova,<30,0.002030330831583277,1020041.0
Moldova,30s,0.002030330831583277,416064.0
Moldova,40s,0.002030330831583277,341298.0
Moldova,50s,0.002030330831583277,376707.0
Moldova,60+,0.002030330831583277,551937.0
Monaco,<30,2.799196859925967e-05,8923.122344
Monaco,30s,2.799196859925967e-05,3161.528869
Monaco,40s,2.799196859925967e-05,3855.000946
Monaco,50s,2.799196859925967e-05,5287.794748
Monaco,60+,2.799196859925967e-05,16080.553086799999
Mongolia,<30,0.002407084962029973,1763291.0
Mongolia,30s,0.002407084962029973,531995.0
Mongolia,40s,0.002407084962029973,408995.5
Mongolia,50s,0.002407084962029973,294755.5
Mongolia,60+,0.002407084962029973,209152.0
Montenegro,<30,0.00046695297470597085,233706.0
Montenegro,30s,0.00046695297470597085,90781.0
Montenegro,40s,0.00046695297470597085,82155.0
Montenegro,50s,0.00046695297470597085,83322.0
Montenegro,60+,0.00046695297470597085,132396.0
Morocco,<30,0.022711537476214863,17839185.0
Morocco,30s,0.022711537476214863,4094922.0
Morocco,40s,0.022711537476214863,3350153.0
Morocco,50s,0.022711537476214863,1986751.0
Morocco,60+,0.022711537476214863,2999173.0
Mozambique,<30,0.015195121431741565,14717617.0
Mozambique,30s,0.015195121431741565,2289141.0
Mozambique,40s,0.015195121431741565,1405501.0
Mozambique,50s,0.015195121431741565,917188.0
Mozambique,60+,0.015195121431741565,922776.0
N. Macedonia,<30,0.0015570701352076084,763779.0
N. Macedonia,30s,0.0015570701352076084,323960.0
N. Macedonia,40s,0.0015570701352076084,296101.0
N. Macedonia,50s,0.0015570701352076084,281173.0
N. Macedonia,60+,0.0015570701352076084,410267.0
Namibia,<30,0.0015854289975782002,1401824.0
Namibia,30s,0.0015854289975782002,273985.0
Namibia,40s,0.0015854289975782002,178591.0
Namibia,50s,0.0015854289975782002,109374.0
Namibia,60+,0.0015854289975782002,149303.0
Nepal,<30,0.019878667421041267,16617651.0
Nepal,30s,0.019878667421041267,3339624.0
Nepal,40s,0.019878667421041267,2559080.0
Nepal,50s,0.019878667421041267,1823739.0
Nepal,60+,0.019878667421041267,2154410.0
Netherlands,<30,0.012890864262602289,5985594.0
Netherlands,30s,0.012890864262602289,2078145.0
Netherlands,40s,0.012890864262602289,2307135.0
Netherlands,50s,0.012890864262602289,2491356.0
Netherlands,60+,0.012890864262602289,4318854.0
New Zealand,<30,0.0036655838526178765,1997170.0
New Zealand,30s,0.0036655838526178765,628370.0
New Zealand,40s,0.0036655838526178765,615530.0
New Zealand,50s,0.0036655838526178765,625520.0
New Zealand,60+,0.0036655838526178765,1018940.0
Nicaragua,<30,0.0038580852839668733,3466062.0
Nicaragua,30s,0.0038580852839668733,632253.0
Nicaragua,40s,0.0038580852839668733,451622.0
Nicaragua,50s,0.0038580852839668733,278984.0
Nicaragua,60+,0.0038580852839668733,313177.0
Niger,<30,0.012861835387688455,12974695.0
Niger,30s,0.012861835387688455,1627346.0
Niger,40s,0.012861835387688455,1081951.0
Niger,50s,0.012861835387688455,696880.0
Niger,60+,0.012861835387688455,761522.0
Nigeria,<30,0.10536512964166111,99282221.0
Nigeria,30s,0.10536512964166111,16799293.0
Nigeria,40s,0.10536512964166111,11047763.0
Nigeria,50s,0.10536512964166111,6315466.0
Nigeria,60+,0.10536512964166111,6987047.0
Norway,<30,0.003973271169354487,1974838.0
Norway,30s,0.003973271169354487,708384.0
Norway,40s,0.003973271169354487,735068.0
Norway,50s,0.003973271169354487,680725.0
Norway,60+,0.003973271169354487,1196604.0
Oman,<30,0.002080924656685104,1725788.0
Oman,30s,0.002080924656685104,512347.0
Oman,40s,0.002080924656685104,275503.0
Oman,50s,0.002080924656685104,146220.0
Oman,60+,0.002080924656685104,113621.0
Pakistan,<30,0.11243935015966619,104018342.66
Pakistan,30s,0.11243935015966619,16784741.868
Pakistan,40s,0.11243935015966619,13054144.396000002
Pakistan,50s,0.11243935015966619,8130292.144
Pakistan,60+,0.11243935015966619,7872866.9281
Panama,<30,0.003169986153526784,2124907.0
Panama,30s,0.003169986153526784,607864.0
Panama,40s,0.003169986153526784,549248.0
Panama,50s,0.003169986153526784,426535.0
Panama,60+,0.003169986153526784,516438.0
Papua N.G.,<30,0.0038946155983066192,3552620.0
Papua N.G.,30s,0.0038946155983066192,714597.0
Papua N.G.,40s,0.0038946155983066192,451125.0
Papua N.G.,50s,0.0038946155983066192,259721.0
Papua N.G.,60+,0.0038946155983066192,212723.0
Paraguay,<30,0.0038739164873962326,3324427.0
Paraguay,30s,0.0038739164873962326,640713.0
Paraguay,40s,0.0038739164873962326,511801.0
Paraguay,50s,0.0038739164873962326,318024.0
Paraguay,60+,0.0038739164873962326,368233.0
Peru,<30,0.022045051314778855,15071585.0
Peru,30s,0.022045051314778855,4379777.0
Peru,40s,0.022045051314778855,3660378.0
Peru,50s,0.022045051314778855,2772568.0
Peru,60+,0.022045051314778855,3497576.0
Philippines,<30,0.07554993836113442,60174919.0
Philippines,30s,0.07554993836113442,14084581.0
Philippines,40s,0.07554993836113442,11133653.0
Philippines,50s,0.07554993836113442,8037381.0
Philippines,60+,0.07554993836113442,7263245.0
Poland,<30,0.02849368044881993,12496426.0
Poland,30s,0.02849368044881993,6123193.0
Poland,40s,0.02849368044881993,5241089.0
Poland,50s,0.02849368044881993,4866444.0
Poland,60+,0.02849368044881993,9249535.0
Portugal,<30,0.007721295826257251,3066564.0
Portugal,30s,0.007721295826257251,1296718.0
Portugal,40s,0.007721295826257251,1579162.0
Portugal,50s,0.007721295826257251,1476210.0
Portugal,60+,0.007721295826257251,2872373.0
Qatar,<30,0.0020709389938205853,1188727.0
Qatar,30s,0.0020709389938205853,886212.0
Qatar,40s,0.0020709389938205853,443236.0
Qatar,50s,0.0020709389938205853,175459.0
Qatar,60+,0.0020709389938205853,66536.0
Romania,<30,0.01465371528268952,6340634.0
Romania,30s,0.01465371528268952,2755849.0
Romania,40s,0.01465371528268952,3150010.0
Romania,50s,0.01465371528268952,2382990.0
Romania,60+,0.01465371528268952,4901148.0
Russia,<30,0.10744339900787529,53569774.0
Russia,30s,0.10744339900787529,21650532.0
Russia,40s,0.10744339900787529,19235579.0
Russia,50s,0.10744339900787529,21796855.0
Russia,60+,0.10744339900787529,26948990.0
Rwanda,<30,0.0078935505739787,7397637.0
Rwanda,30s,0.0078935505739787,1270550.0
Rwanda,40s,0.0078935505739787,756416.0
Rwanda,50s,0.0078935505739787,579632.0
Rwanda,60+,0.0078935505739787,516375.0
Saint Lucia,<30,0.00013407428271730278,76777.11517
Saint Lucia,30s,0.00013407428271730278,28618.01532
Saint Lucia,40s,0.00013407428271730278,25699.825940000002
Saint Lucia,50s,0.00013407428271730278,22803.620779999997
Saint Lucia,60+,0.00013407428271730278,24797.084048999997
San Marino,<30,2.5867135991970965e-05,9894.0
San Marino,30s,2.5867135991970965e-05,4050.0
San Marino,40s,2.5867135991970965e-05,5903.0
San Marino,50s,2.5867135991970965e-05,5875.0
San Marino,60+,2.5867135991970965e-05,8754.0
Sao Tome & P.,<30,0.00013427861684102158,123865.0
Sao Tome & P.,30s,0.00013427861684102158,22253.0
Sao Tome & P.,40s,0.00013427861684102158,14190.0
Sao Tome & P.,50s,0.00013427861684102158,9180.0
Sao Tome & P.,60+,0.00013427861684102158,9480.0
Saudi Arabia,<30,0.025070068662532793,16299463.0
Saudi Arabia,30s,0.025070068662532793,6835445.0
Saudi Arabia,40s,0.025070068662532793,5617841.0
Saudi Arabia,50s,0.025070068662532793,2824195.0
Saudi Arabia,60+,0.025070068662532793,1836716.0
Senegal,<30,0.015175375194212946,8978087.0
Senegal,30s,0.015175375194212946,8860856.0
Senegal,40s,0.015175375194212946,981240.0
Senegal,50s,0.015175375194212946,694361.0
Senegal,60+,0.015175375194212946,711361.0
Serbia,<30,0.005253141434278024,2181203.0
Serbia,30s,0.005253141434278024,967875.0
Serbia,40s,0.005253141434278024,966253.0
Serbia,50s,0.005253141434278024,958561.0
Serbia,60+,0.005253141434278024,1927552.0
Seychelles,<30,7.19104279753589e-05,32900.0
Seychelles,30s,7.19104279753589e-05,17313.0
Seychelles,40s,7.19104279753589e-05,15298.0
Seychelles,50s,7.19104279753589e-05,15280.0
Seychelles,60+,7.19104279753589e-05,15052.0
Sierra Leone,<30,0.005321169841090184,5038882.0
Sierra Leone,30s,0.005321169841090184,855375.0
Sierra Leone,40s,0.005321169841090184,541403.0
Sierra Leone,50s,0.005321169841090184,297242.0
Sierra Leone,60+,0.005321169841090184,359211.0
Singapore,<30,0.006253856562749864,1364791.0
Singapore,30s,0.006253856562749864,4926042.0
Singapore,40s,0.006253856562749864,611478.0
Singapore,50s,0.006253856562749864,613355.0
Singapore,60+,0.006253856562749864,819542.0
Slovakia,<30,0.004083940284853724,1826341.0
Slovakia,30s,0.004083940284853724,874811.0
Slovakia,40s,0.004083940284853724,811753.0
Slovakia,50s,0.004083940284853724,718405.0
Slovakia,60+,0.004083940284853724,1211810.0
Slovenia,<30,0.0015507676655959204,622707.0
Slovenia,30s,0.0015507676655959204,293359.0
Slovenia,40s,0.0015507676655959204,299618.0
Slovenia,50s,0.0015507676655959204,303469.0
Slovenia,60+,0.0015507676655959204,547727.0
Somalia,<30,0.0036612171415297784,3034169.0
Somalia,30s,0.0036612171415297784,794382.0
Somalia,40s,0.0036612171415297784,560928.0
Somalia,50s,0.0036612171415297784,299358.0
Somalia,60+,0.0036612171415297784,190873.0
South Africa,<30,0.038843134614323135,30537427.0
South Africa,30s,0.038843134614323135,7496777.0
South Africa,40s,0.038843134614323135,5568900.0
South Africa,50s,0.038843134614323135,4015696.0
South Africa,60+,0.038843134614323135,4151752.0
South Korea,<30,0.03872014717190905,16400577.0
South Korea,30s,0.03872014717190905,7467083.0
South Korea,40s,0.03872014717190905,8512524.0
South Korea,50s,0.03872014717190905,8463461.0
South Korea,60+,0.03872014717190905,10762988.0
Spain,<30,0.03500755289834,14016234.0
Spain,30s,0.03500755289834,6431119.0
Spain,40s,0.03500755289834,7740481.0
Spain,50s,0.03500755289834,6797280.0
Spain,60+,0.03500755289834,11673333.0
Sri Lanka,<30,0.015277207346963795,9861646.0
Sri Lanka,30s,0.015277207346963795,3048492.0
Sri Lanka,40s,0.015277207346963795,2645039.0
Sri Lanka,50s,0.015277207346963795,2283689.0
Sri Lanka,60+,0.015277207346963795,2522762.0
St Kitts,<30,3.0319380596227716e-05,23120.0
St Kitts,30s,3.0319380596227716e-05,6010.0
St Kitts,40s,3.0319380596227716e-05,4400.0
St Kitts,50s,3.0319380596227716e-05,2490.0
St Kitts,60+,3.0319380596227716e-05,4390.0
St Vincent & G.,<30,8.298824606899271e-05,54459.095437
St Vincent & G.,30s,8.298824606899271e-05,15614.452197
St Vincent & G.,40s,8.298824606899271e-05,14814.389423
St Vincent & G.,50s,8.298824606899271e-05,11732.713824
St Vincent & G.,60+,8.298824606899271e-05,13986.985479
Sudan,<30,0.02974737370632892,27515642.0
Sudan,30s,0.02974737370632892,4847230.0
Sudan,40s,0.02974737370632892,3335289.0
Sudan,50s,0.02974737370632892,2075061.0
Sudan,60+,0.02974737370632892,1874401.0
Suriname,<30,0.0004375714616114824,293500.0
Suriname,30s,0.0004375714616114824,84400.0
Suriname,40s,0.0004375714616114824,75400.0
Suriname,50s,0.0004375714616114824,61200.0
Suriname,60+,0.0004375714616114824,68700.0
Sweden,<30,0.007593156865229616,3690437.0
Sweden,30s,0.007593156865229616,1290686.0
Sweden,40s,0.007593156865229616,1298352.0
Sweden,50s,0.007593156865229616,1269914.0
Sweden,60+,0.007593156865229616,2570853.0
Switzerland,<30,0.006391625547285359,2756824.0
Switzerland,30s,0.006391625547285359,1207527.0
Switzerland,40s,0.006391625547285359,1214020.0
Switzerland,50s,0.006391625547285359,1284810.0
Switzerland,60+,0.006391625547285359,2055647.0
Tanzania,<30,0.033709901415877486,31680825.0
Tanzania,30s,0.033709901415877486,5350630.0
Tanzania,40s,0.033709901415877486,3405033.0
Tanzania,50s,0.033709901415877486,1984867.0
Tanzania,60+,0.033709901415877486,2507568.0
Thailand,<30,0.04950564242434911,27370497.599999998
Thailand,30s,0.04950564242434911,11009765.8
Thailand,40s,0.04950564242434911,10938077.6
Thailand,50s,0.04950564242434911,8155120.8
Thailand,60+,0.04950564242434911,8508196.5
Timor-Leste,<30,0.0008880802426889572,799482.0
Timor-Leste,30s,0.0008880802426889572,121285.0
Timor-Leste,40s,0.0008880802426889572,103194.0
Timor-Leste,50s,0.0008880802426889572,62740.0
Timor-Leste,60+,0.0008880802426889572,96942.0
Togo,<30,0.004635095003865848,4249165.0
Togo,30s,0.004635095003865848,776388.0
Togo,40s,0.004635095003865848,520030.0
Togo,50s,0.004635095003865848,294183.0
Togo,60+,0.004635095003865848,337939.0
Trinidad & T.,<30,0.0010178736269219305,622685.6714100001
Trinidad & T.,30s,0.0010178736269219305,202387.74692
Trinidad & T.,40s,0.0010178736269219305,186204.40923
Trinidad & T.,50s,0.0010178736269219305,163855.01756
Trinidad & T.,60+,0.0010178736269219305,181500.18811
Tunisia,<30,0.00824029369466374,5298333.0
Tunisia,30s,0.00824029369466374,1800767.0
Tunisia,40s,0.00824029369466374,1410804.0
Tunisia,50s,0.00824029369466374,1185776.0
Tunisia,60+,0.00824029369466374,1287073.0
Turkey,<30,0.05640397167259296,37727240.0
Turkey,30s,0.05640397167259296,12202240.0
Turkey,40s,0.05640397167259296,9660169.5
Turkey,50s,0.05640397167259296,7382315.5
Turkey,60+,0.05640397167259296,8203861.5
UAE,<30,0.0030784735444710724,2128164.0
UAE,30s,0.0030784735444710724,1140967.0
UAE,40s,0.0030784735444710724,567031.0
UAE,50s,0.0030784735444710724,205985.0
UAE,60+,0.0030784735444710724,60876.0
UK,<30,0.04972466652355909,24289770.0
UK,30s,0.04972466652355909,8776124.0
UK,40s,0.04972466652355909,8566903.0
UK,50s,0.04972466652355909,8911564.0
UK,60+,0.04972466652355909,15729215.0
US,<30,0.24547176318082684,127418000.0
US,30s,0.24547176318082684,43699605.0
US,40s,0.24547176318082684,40461436.0
US,50s,0.24547176318082684,42825549.0
US,60+,0.24547176318082684,72762844.0
Uganda,<30,0.025986170135291715,26234569.0
Uganda,30s,0.025986170135291715,3487576.0
Uganda,40s,0.025986170135291715,2193541.0
Uganda,50s,0.025986170135291715,1288387.0
Uganda,60+,0.025986170135291715,1430577.0
Ukraine,<30,0.031674986287945704,13740593.0
Ukraine,30s,0.031674986287945704,6885439.0
Ukraine,40s,0.031674986287945704,5934476.0
Ukraine,50s,0.031674986287945704,5976513.0
Ukraine,60+,0.031674986287945704,9679745.0
Uruguay,<30,0.002639948826236651,1484938.7599300004
Uruguay,30s,0.002639948826236651,482834.27867
Uruguay,40s,0.002639948826236651,460244.41153
Uruguay,50s,0.002639948826236651,402035.34898
Uruguay,60+,0.002639948826236651,688499.690102
Uzbekistan,<30,0.024300944532588444,18184841.0
Uzbekistan,30s,0.024300944532588444,5102182.0
Uzbekistan,40s,0.024300944532588444,3733945.0
Uzbekistan,50s,0.024300944532588444,3007048.0
Uzbekistan,60+,0.024300944532588444,2360547.0
Venezuela,<30,0.024057982828469868,16303737.0
Venezuela,30s,0.024057982828469868,4926625.0
Venezuela,40s,0.024057982828469868,4003970.0
Venezuela,50s,0.024057982828469868,3310635.0
Venezuela,60+,0.024057982828469868,3519774.0
Vietnam,<30,0.07218502357516414,45001779.0
Vietnam,30s,0.07218502357516414,16086196.0
Vietnam,40s,0.07218502357516414,12941590.0
Vietnam,50s,0.07218502357516414,10770734.0
Vietnam,60+,0.07218502357516414,11408685.0
West Bank/Gaza,<30,0.0027052615520049453,2570498.0
West Bank/Gaza,30s,0.0027052615520049453,421552.0
West Bank/Gaza,40s,0.0027052615520049453,293263.0
West Bank/Gaza,50s,0.0027052615520049453,157239.0
West Bank/Gaza,60+,0.0027052615520049453,163050.0
Zambia,<30,0.009823348762021537,9726003.0
Zambia,30s,0.009823348762021537,1523229.0
Zambia,40s,0.009823348762021537,849402.0
Zambia,50s,0.009823348762021537,479026.0
Zambia,60+,0.009823348762021537,515006.0
Zimbabwe,<30,0.009779013889479318,9111669.0
Zimbabwe,30s,0.009779013889479318,1657488.0
Zimbabwe,40s,0.009779013889479318,872800.0
Zimbabwe,50s,0.009779013889479318,633199.0
Zimbabwe,60+,0.009779013889479318,758420.0
