Country_Region,Last_Update,Lat,Long_,Confirmed,Deaths,Recovered,<30,30s,40s,50s,60s,70s,80+,Total_pop,<30_%,30s_%,40s_%,50s_%,60s_%,70s_%,80+_%,est_death_rate_%,deaths/confirmed_%,deaths/million
Albania,2020-04-11 22:45:13,41.1533,20.1683,433,23,197,1202786.0,359276.0,346046.0,399874.0,304201.0,185708.0,72433.0,2870324.0,41.90418921348252,12.51691446679887,12.055990891620597,13.931319251763913,10.598141533847746,6.469931617475937,2.5235130250104167,0.6991703027254067,5.311778290993072,8.013032675056893
Algeria,2020-04-11 22:45:13,28.0339,1.6596,1825,275,460,20373118.629000008,5083774.939699999,3647763.4755,2409272.2885000003,1342784.737,868768.2807,344224.70314,34069707.05354001,59.79833814533237,14.92168668110626,10.706765014937163,7.07159672583585,3.9412864187233394,2.549972852231293,1.010354161833726,0.2954284671782108,15.068493150684931,8.07168666193231
Andorra,2020-04-11 22:45:13,42.5063,1.5218,601,26,71,23221.0,11331.0,14118.0,12718.0,7776.0,4453.0,2560.0,76177.0,30.482954172519268,14.874568439292698,18.533153051445975,16.69532798613755,10.207805505598804,5.845596439870302,3.3605944051354086,0.7466295601034433,4.326123128119801,341.3103692715649
Angola,2020-04-11 22:45:13,-11.2027,17.8739,19,2,4,18826481.0,2886479.0,1914991.0,1192488.0,571541.0,273111.0,123931.0,25789022.0,73.00191918871526,11.192665623380368,7.425605360296331,4.624014047527665,2.2162182032339186,1.059020384720289,0.480557192126169,0.15049559459835274,10.526315789473683,0.07755237868268133
Antigua and Barbuda,2020-04-11 22:45:13,17.0608,-61.7964,21,2,0,43135.0,14116.0,13922.0,12410.0,7404.0,3743.0,1723.0,96453.0,44.721263205913765,14.63510725431039,14.433973023130436,12.866370149191834,7.676277565239029,3.880646532508061,1.7863622697064891,0.4911646086695074,9.523809523809524,20.73548775051061
Argentina,2020-04-11 22:45:13,-38.4161,-63.6167,1975,83,440,21592293.0,6429424.0,5606795.0,4326823.0,3510579.0,2256624.0,1216174.0,44938712.0,48.04831300015897,14.307094515748469,12.476536933234758,9.628275505537408,7.8119261629038235,5.021559140368776,2.706294742047792,0.5932558903779885,4.2025316455696204,1.8469599217707886
Armenia,2020-04-11 22:45:13,40.0691,45.0382,967,13,173,1225453.0,485119.0,346671.0,399192.0,293761.0,139246.0,83290.0,2972732.0,41.22312404885473,16.318961816941453,11.661697051735576,13.428455710101012,9.88185278726774,4.6841087592154285,2.801799825884069,0.6330685376280135,1.344364012409514,4.373081730879204
Australia,2020-04-11 22:52:46,-35.4735,149.0124,6303,57,1806,9810718.0,3584903.0,3264783.0,3058380.0,2566403.0,1718337.0,989336.0,24992860.0,39.25408296609512,14.343708563165642,13.062862753602428,12.237014891452999,10.268544696365282,6.875311588989816,3.958474540328718,0.811031366558289,0.9043312708234174,2.28065135402671
Austria,2020-04-11 22:45:13,47.5162,14.5501,13806,337,6604,2866660.0,1187078.0,1237979.0,1360002.0,971747.0,763435.0,435727.0,8822628.0,32.49213272961299,13.45492522182733,14.031862161705105,15.414930789329437,11.01425788325202,8.653147338865471,4.938743875407646,0.9820352733901961,2.4409676952049835,38.19723556291844
Azerbaijan,2020-04-11 22:45:13,40.1431,47.5769,1058,11,200,4621289.0,1659007.0,1268583.0,1281702.0,681707.0,247928.0,137869.0,9898085.0,46.68871807021257,16.760888596127433,12.8164488383359,12.948989627791638,6.8872615258406045,2.5048077481654283,1.3928855935264246,0.39267671473825494,1.0396975425330812,1.1113260797416875
Bahamas,2020-04-11 22:45:13,25.025885,-78.035889,46,8,5,182260.0,53850.0,56610.0,46800.0,25570.0,11910.0,4320.0,381320.0,47.797125773628444,14.121997272631912,14.845798804153992,12.273156404070072,6.705654043847686,3.123360956676807,1.1329067449910837,0.3945190391272422,17.391304347826086,20.97975453687192
Bahrain,2020-04-11 22:45:13,26.0275,50.55,1040,6,555,677855.0,389709.0,228526.0,130775.0,52827.0,16289.0,7110.0,1503091.0,45.097402619003105,25.92717273937506,15.2037368329662,8.700404699382805,3.5145576681651343,1.0837001884782758,0.47302525262941497,0.20930781968623324,0.576923076923077,3.9917742837925316
Bangladesh,2020-04-11 22:45:13,23.685,90.3563,482,30,36,89523001.0,20056193.0,14641735.0,9053268.0,6047504.0,3106439.0,1615557.0,144043697.0,62.14989122363333,13.923686643505132,10.164787009042124,6.285084449061315,4.198381550842867,2.156594883842783,1.1215742400724413,0.285691460001891,6.224066390041494,0.20827013347206716
Barbados,2020-04-11 22:45:13,13.1939,-59.5432,68,4,11,110884.0,39301.0,41478.0,36703.0,23637.0,15617.0,10201.0,277821.0,39.91202968818052,14.146158857681746,14.92975692982172,13.211024364608868,8.507996155798157,5.6212453342259945,3.6717886696829973,0.7156222891718048,5.88235294117647,14.397759708589344
Belarus,2020-04-11 22:45:13,53.7098,27.9534,2226,23,172,3274485.0,1482291.0,1291512.0,1402423.0,1120661.0,560451.0,360000.0,9491823.0,34.49795682030733,15.61650485897177,13.606574838152795,14.775064811048416,11.806593949339343,5.904566488439576,3.792738233740768,0.7923957600136454,1.0332434860736748,2.4231383160010465
Belgium,2020-04-11 22:45:13,50.8333,4.469936,28018,3346,5986,3982496.0,1479781.0,1513991.0,1594245.0,1309998.0,881301.0,637343.0,11399155.0,34.93676504969009,12.98149731273941,13.281607277030622,13.985641918194814,11.49206235023561,7.731283590757385,5.591142501352074,0.9895940620160003,11.942322792490542,293.5305292365969
Belize,2020-04-11 22:45:13,17.1899,-88.4976,13,2,0,206451.0,43518.0,32302.0,20360.0,10620.0,6059.0,3378.0,322688.0,63.9785179492265,13.48609182863943,10.010288575961921,6.3095001983339944,3.291104720349068,1.877665113050377,1.0468316144387149,0.254212428103927,15.384615384615385,6.1979373264577555
Benin,2020-04-11 22:45:13,9.3077,2.3158,35,1,5,4918629.0,754798.0,460544.0,261394.0,180643.0,103389.0,92161.0,6771558.0,72.63659264234317,11.1465928520438,6.801152703705705,3.8601751620528097,2.667672638999769,1.5268125887720374,1.361001412082714,0.23704857877611032,2.857142857142857,0.14767650221706732
Bhutan,2020-04-11 22:45:13,27.5142,90.4336,5,0,2,412398.0,120729.0,77028.0,53215.0,35365.0,19339.0,9841.0,727915.0,56.6546918252818,16.585590350521695,10.582004767040107,7.3106063207929495,4.858396928212772,2.6567662433113757,1.3519435648393012,0.340866859454744,0.0,0.0
Bolivia,2020-04-11 22:45:13,-16.2902,-63.5887,275,20,2,6063051.0,1384863.0,1006685.0,727245.0,484396.0,251699.0,143814.0,10061753.0,60.25839632517316,13.763635422177428,10.00506571767365,7.227816067438746,4.814230681273929,2.5015422262899913,1.4293135599730982,0.3353703176772477,7.2727272727272725,1.9877252005689268
Bosnia and Herzegovina,2020-04-11 22:45:13,43.9159,17.6791,946,37,139,1266835.0,501899.0,502066.0,535112.0,376820.0,257722.0,90705.0,3531159.0,35.87589797004326,14.21343530551867,14.218164630932788,15.154004676651489,10.671283847597914,7.298510205855924,2.568703363399949,0.7478994573736272,3.9112050739957716,10.478146127093115
Botswana,2020-04-11 22:45:13,-22.3285,24.6849,13,1,0,1278718.0,305761.0,181558.0,120411.0,65331.0,40153.0,32972.0,2024904.0,63.149561658231704,15.100024494988403,8.966252227266084,5.94650413056619,3.2263751763046544,1.9829582044383338,1.628324108204636,0.2987544594706712,7.6923076923076925,0.49385057266912413
Brazil,2020-04-11 22:45:13,-14.235,-51.9253,20727,1124,173,97272772.0,29633091.0,24842716.0,18416623.0,11349930.0,6305083.0,2935584.0,190755799.0,50.993349879759094,15.534568886160047,13.023308402802474,9.654554722082132,5.94997900955032,3.305316552919054,1.5389225467268757,0.40935681646040023,5.422878371206639,5.892350355230878
Brunei,2020-04-11 22:45:13,4.5353,114.7277,136,1,104,211737.0,70692.0,54732.0,33825.0,13606.0,6502.0,2413.0,393507.0,53.80768321783348,17.964610540600294,13.908774176825316,8.595781015331367,3.4576259126267135,1.652321305593039,0.6132038311897883,0.23332138945431724,0.7352941176470588,2.5412508544956
Bulgaria,2020-04-11 22:45:13,42.7339,25.4858,661,28,62,2087843.0,979421.0,1067440.0,945874.0,967186.0,663980.0,338352.0,7050096.0,29.614391066447887,13.892307282056867,15.1407867353863,13.416469789914917,13.718763545914836,9.41802778288409,4.7992537973950995,1.0390018944422883,4.236006051437216,3.9715771246235514
Burkina Faso,2020-04-11 22:45:13,12.2383,-1.5616,484,27,155,10169159.0,1451644.0,977026.0,632373.0,402571.0,213395.0,104177.0,13950345.0,72.89539434329402,10.405792831646817,7.003597402071418,4.533027677810118,2.885742252252543,1.5296754309660443,0.7467700619590412,0.19837112272133772,5.578512396694215,1.9354360053461044
Burma,2020-04-11 22:45:13,21.9162,95.956,38,3,2,27502761.0,7462341.0,6229221.0,4611169.0,2641338.0,1266468.0,573191.0,50286489.0,54.6921480240945,14.839654047034385,12.387464553351498,9.169797080086463,5.252579872895879,2.5185055174561897,1.1398509050810846,0.33306000743062414,7.894736842105263,0.059658171800381604
Burundi,2020-04-11 22:45:13,-3.3731,29.9189,5,0,0,5896014.0,786384.0,584610.0,370004.0,174837.0,98598.0,55893.0,7966340.0,74.01157871745369,9.871333636274624,7.338501746096703,4.644592121350582,2.194696686307639,1.2376825493262904,0.7016145431904739,0.17244525089313284,0.0,0.0
Cabo Verde,2020-04-11 22:45:13,16.5388,-23.0418,8,1,1,311941.0,61740.0,49803.0,30304.0,12408.0,16100.0,9032.0,491328.0,63.489359450306104,12.565943728018759,10.136405822586948,6.1677738700013025,2.5254005470887066,3.2768333984629407,1.8382831835352351,0.35851467858538494,12.5,2.03530024749251
Cambodia,2020-04-11 22:45:13,11.55,104.9167,120,0,75,8735645.0,1538183.0,1391101.0,881842.0,494450.0,266831.0,88249.0,13396301.0,65.20938130607846,11.482147198693132,10.384217255196043,6.582727575320979,3.6909442390104554,1.9918259525521262,0.6587564731488191,0.2366404203667863,0.0,0.0
Cameroon,2020-04-11 22:45:13,3.848,11.5021,820,12,98,12593613.0,1933775.0,1290038.0,775768.0,491843.0,260789.0,118010.0,17463836.0,72.1125244190337,11.073025422364251,7.386910871128199,4.442139745242684,2.8163514590952414,1.4933088011133406,0.6757392820225752,0.19133927391439087,1.4634146341463417,0.6871342584756293
Canada,2020-04-11 22:52:28,53.9333,-116.5765,23316,654,6589,13090644.0,5064962.0,4784619.0,5304199.0,4491966.0,2735126.0,1587340.0,37058856.0,35.323929049509786,13.66734580257955,12.910865354289403,14.312905395676543,12.121167474786594,7.3804922634417,4.283294659716425,0.8914057276889497,2.804940813175502,17.647603584956858
Chad,2020-04-11 22:45:13,15.4542,18.7322,11,0,2,8260057.039459999,1115209.4978200002,733376.6391299999,428499.11691999994,263172.272552,146866.801186,84914.0236405,11032095.3907085,74.8729660769324,10.108773159804771,6.64766404891375,3.884113595327433,2.385514838583159,1.3312684126144776,0.7696998678239917,0.18073854639452555,0.0,0.0
Chile,2020-04-11 22:45:13,-35.6751,-71.543,6927,73,1864,7823007.0,2837137.0,2492673.0,2430505.0,1724151.0,967809.0,902532.0,19177814.0,40.79196408933782,14.793849809993986,12.997690977709972,12.673524730190833,8.99034165207776,5.046503214599954,4.706125526089679,0.7691814405958886,1.053847264327992,3.8064818023576614
China,2020-04-09 01:12:20,31.8257,117.2264,83014,3343,77877,549638105.0,215164162.0,230348517.0,160065645.0,99780564.0,56824530.0,20989346.0,1332810869.0,41.23901731176534,16.1436380063014,17.2829110534512,12.009629327235025,7.486475862465375,4.26351039908874,1.5748180396929223,0.4904800503243796,4.02703158503385,2.508232846651553
Colombia,2020-04-11 22:45:13,4.5709,-74.2973,2709,100,214,23600180.0,5836451.0,5023812.0,3285998.0,2025787.0,1206956.0,489200.0,41468384.0,56.91126039538942,14.074459713694173,12.114800518872402,7.924104300760791,4.885136107546415,2.910545055240156,1.1796939084966513,0.3412541178358916,3.69139904023625,2.4114756919391893
Congo (Brazzaville),2020-04-11 22:45:13,-4.2634,15.2832,60,5,5,2497276.0,528109.0,317489.0,177108.0,104768.0,55719.0,17021.0,3697490.0,67.53976346115878,14.282905430440652,8.586608753505756,4.789952102642603,2.8334897457464385,1.5069411952432596,0.46033931126250505,0.18247457058707395,8.333333333333332,1.3522687012000032
Costa Rica,2020-04-11 22:45:13,9.7489,-83.7534,577,3,49,2259474.0,735405.0,610946.0,603842.0,445851.0,229848.0,118307.0,5003673.0,45.1563081760139,14.697303360951045,12.20995057031105,12.067974865663682,8.91047436553108,4.593585552053462,2.364403109475779,0.5765974714974379,0.5199306759098787,0.5995595635446201
Cote d'Ivoire,2020-04-11 22:45:13,7.54,-5.5471,533,4,58,15751910.0,3130251.0,1783626.0,1087416.0,564890.0,244108.0,104670.0,22666871.0,69.49309412843088,13.809806391010035,7.868867299769783,4.797380282439512,2.4921392988030857,1.0769373505500606,0.4617752489966524,0.15780640830399573,0.7504690431519699,0.17646899741918504
Croatia,2020-04-11 22:45:13,45.1,15.2,1534,21,323,1294181.0,552831.0,543591.0,591011.0,555410.0,355202.0,213320.0,4105546.0,31.522749958227237,13.465468417599025,13.240407000676646,14.395429986657074,13.528285884508417,8.651760326153939,5.195898426177663,1.0333422643419412,1.3689700130378095,5.11503220278131
Cuba,2020-04-11 22:45:13,21.521757,-77.78116700000002,620,16,77,3984999.0,1368446.5,1789664.5,1802795.0,1123432.5,758843.5,573648.0,11401829.0,34.95052416590356,12.00199108406204,15.696293112271725,15.811454460508045,9.853090236662908,6.655454138103632,5.031192802488092,0.8871708653059085,2.5806451612903225,1.4032836310735761
Cyprus,2020-04-11 22:45:13,35.1264,33.4299,616,10,61,330953.0,131696.0,116968.0,103890.0,81362.0,50491.0,24948.0,840308.0,39.38472560061311,15.672348710234818,13.919658030150849,12.363323924084979,9.682402166824545,6.008630168938057,2.9689113991536438,0.6964140529424927,1.6233766233766231,11.90039842533928
Czechia,2020-04-11 22:45:13,49.8175,15.473,5831,129,411,3335639.0,1541809.0,1675966.0,1317890.0,1383116.0,928213.0,427609.0,10610242.0,31.437916307658202,14.531327372174923,15.795737740948793,12.420923104298657,13.03566874346504,8.748273602053564,4.030153129400818,0.9418925788874561,2.2123134968273024,12.158063878279119
Denmark,2020-04-11 22:45:13,61.8926,-6.9118,6191,260,2111,2083874.0,674218.0,769744.0,796680.0,663871.0,537011.0,258535.0,5783933.0,36.028667690306925,11.656739453932126,13.308314601846183,13.77401847497196,11.47784734020951,9.28453009396893,4.469882344764367,0.9732951609225072,4.199644645453078,44.95211130557702
Dominica,2020-04-11 22:45:13,15.415,-61.371,16,0,5,33714.0,8536.0,9425.0,7039.0,4652.0,3454.0,2093.0,68913.0,48.922554525270996,12.386632420588278,13.676664780230144,10.214328210932626,6.750540536618635,5.012116726887525,3.0371627994717976,0.6023754589119614,0.0,0.0
Dominican Republic,2020-04-11 22:45:13,18.7357,-70.1627,2759,135,108,5435317.0,1349795.0,1079857.0,724649.0,454834.0,260558.0,140271.0,9445281.0,57.54531813293855,14.290681240716927,11.432767325821223,7.672074552361121,4.8154628750589845,2.7586050642643665,1.4850908088388266,0.3541902459016307,4.893077201884741,14.292851636706203
Ecuador,2020-04-11 22:45:13,-1.8312,-78.1834,7257,315,411,8440652.0,2006015.0,1569143.0,1126025.0,724576.0,405309.0,211779.0,14483499.0,58.27771314100274,13.85034790280995,10.834004959713118,7.774537078367596,5.002769013205994,2.798419083675844,1.4622088212247606,0.3564350921003275,4.34063662670525,21.748888165767127
Egypt,2020-04-11 22:45:13,26.820553000000004,30.802498,1939,146,426,57852249.0,13830704.0,9545234.0,7258467.0,4369561.0,1480236.0,462376.0,94798827.0,61.026334218249346,14.589530733328587,10.068936823448247,7.656705499109181,4.609298593958341,1.5614497002162273,0.4877444316900672,0.22668470465357132,7.529654461062403,1.5401034445289075
El Salvador,2020-04-11 22:45:13,13.7942,-88.8965,118,6,19,3722967.0,881082.0,716351.0,533641.0,371222.0,233437.0,179082.0,6637782.0,56.08751537787773,13.273741138229608,10.792023600654556,8.03944751424497,5.592560888561872,3.516792205589156,2.6979192748421084,0.48558422075325763,5.084745762711865,0.9039163985801282
Estonia,2020-04-11 22:45:13,58.5953,25.0136,1304,24,93,435656.0,188315.0,180698.0,172219.0,161075.0,109172.0,72324.0,1319459.0,33.017774709180046,14.272137292632813,13.694855239912721,13.052243381567749,12.207654803976478,8.273997145799909,5.48133742693028,1.01372896012684,1.8404907975460123,18.189273027809126
Eswatini,2020-04-11 22:45:13,-26.5225,31.4659,12,0,7,723352.0,114623.0,75156.0,47975.0,33569.0,15827.0,7223.0,1017725.0,71.07538873467783,11.262669188631506,7.384706084649586,4.71394531921688,3.2984352354516204,1.5551352280822421,0.709720209290329,0.204950354958363,0.0,0.0
Ethiopia,2020-04-11 22:45:13,9.145,40.4897,69,3,10,54003344.0,7996708.0,5120284.0,3061786.0,2040261.0,1026736.0,501813.0,73750932.0,73.22394786821135,10.842856873998555,6.942670229577573,4.151521773311285,2.7664206331656933,1.3921668135665053,0.6804158081690411,0.18474103486583737,4.3478260869565215,0.04067745204901275
Finland,2020-04-11 22:45:13,61.92411,25.748151,2905,49,300,1868556.0,702767.0,660703.0,734554.0,737233.0,514580.0,295104.0,5513497.0,33.890577976191885,12.746302392111577,11.983374616872014,13.32283304044602,13.37142289185974,9.333096580990249,5.352392501528522,1.0652877656412982,1.6867469879518073,8.88728152024024
France,2020-04-11 22:45:13,4.0,-53.0,130727,13851,26663,22751467.0,8035336.0,8388238.0,8532078.0,7803284.0,5331800.0,4031783.0,64873986.0,35.07024680123709,12.386067968754071,12.930048725540003,13.15177088085816,12.02837143381324,8.218702639914866,6.214791549882568,1.0592179768328094,10.59536285541625,213.50622728808432
Georgia,2020-04-11 22:45:13,42.3154,43.3569,242,3,60,1451499.0,524706.0,477608.0,506374.0,410695.0,234886.0,123865.0,3729633.0,38.918011504080965,14.068569213110244,12.805763998763418,13.577046320643346,11.011673266511746,6.297831448831561,3.3211042480587234,0.7562838756521084,1.2396694214876034,0.8043686872139966
Germany,2020-04-11 22:45:13,51.165691,10.451526,124908,2736,57400,25152920.0,10453462.0,10731644.0,13369561.0,10086747.0,7847332.0,5154554.0,82796220.0,30.379309586838627,12.625530489193832,12.96151442662479,16.14754997269199,12.182617757187465,9.477886792416369,6.225590975046928,1.1287081934416812,2.1904121433374963,33.04498683635557
Ghana,2020-04-11 22:45:13,7.9465,-1.0232,408,8,4,16433989.0,3100212.0,2124448.0,1356793.0,769720.0,557283.0,326687.0,24669132.0,66.6176215685254,12.567170989234643,8.611766315896318,5.4999624632111095,3.120174637680807,2.2590296245526593,1.3242744008990668,0.28246743744368463,1.9607843137254901,0.32429191266235063
Greece,2020-04-11 22:45:13,39.0742,21.8243,2081,93,269,3219441.0,1418805.0,1619329.0,1483863.0,1268304.0,990552.0,740871.0,10741165.0,29.972921931652664,13.209042035943028,15.075915880633058,13.814730525040813,11.807881174900487,9.222016420006582,6.897492031823364,1.153828229991812,4.469005285920231,8.65827868764701
Grenada,2020-04-11 22:45:13,12.1165,-61.679,14,0,0,53240.0,13664.0,12638.0,11060.0,6329.0,4124.0,1914.0,102969.0,51.7048820518797,13.270013304975285,12.273596907807203,10.741096834969747,6.146510114694713,4.005088910254543,1.8588118754188154,0.4667589274441823,0.0,0.0
Guinea,2020-04-11 22:45:13,9.9456,-9.6966,250,0,17,7496495.0,1143059.0,766196.0,509370.0,332162.0,180567.0,95412.0,10523261.0,71.23737594268545,10.86221276845647,7.280974975342719,4.840419714003103,3.156455019028797,1.715884458249206,0.906677122234258,0.22391547639082598,0.0,0.0
Guinea-Bissau,2020-04-11 22:45:13,11.8037,-15.1804,38,0,0,1059223.0,158462.0,100493.0,60075.0,37478.0,18964.0,11252.0,1445947.0,73.25462136579003,10.959046216770048,6.949978111230909,4.1547165974963125,2.5919345591505083,1.311528015895465,0.778175133666725,0.18583122341275302,0.0,0.0
Guyana,2020-04-11 22:45:13,4.860416000000002,-58.93018000000001,45,6,8,424988.0,104578.0,91070.0,66487.0,35348.0,17247.0,7237.0,746955.0,56.89606468930525,14.00057567055579,12.192166864135055,8.901071684371884,4.7322797223393644,2.3089744362110167,0.9688669330816447,0.301825545046221,13.333333333333334,8.03261240636986
Honduras,2020-04-11 22:45:13,15.2,-86.2419,392,24,7,5429371.185400001,1052106.68949,717581.1851300001,503964.299,325345.01313,184972.67247,91250.19327999999,8304591.2379,65.37794612481056,12.668976224723236,8.640776705000793,6.068502164200902,3.917652342058809,2.2273543293236724,1.0987921098820348,0.2792378147898342,6.122448979591836,2.8899676471094957
Hungary,2020-04-11 22:45:13,47.1625,19.5033,1310,85,115,3115475.0,1323506.0,1558261.0,1207262.0,1324480.0,821456.0,427931.0,9778371.0,31.86087948595937,13.535035641417165,15.935793395443884,12.3462486747537,13.544996400729733,8.400744868444857,4.376301533251295,0.958356509484044,6.488549618320611,8.69265443088629
Iceland,2020-04-11 22:45:13,64.9631,-19.0208,1689,8,841,142984.0,49155.0,44224.0,43753.0,35378.0,20575.0,12381.0,348450.0,41.034294733821206,14.10675850193715,12.691634380829386,12.556464342086382,10.152963122399196,5.904720906873296,3.5531640120533794,0.739049504950495,0.4736530491415038,22.958817620892525
India,2020-04-11 22:45:13,20.593684,78.96288,8446,288,969,705808752.0,173735635.0,134756439.0,88215309.0,64118690.0,28441345.0,11289005.0,1206365175.0,58.50705628998284,14.401579107254983,11.170451683504542,7.3124880283451485,5.315031578228375,2.357606601168672,0.9357867115154415,0.30330118365693043,3.409898176651669,0.2387336819466792
Indonesia,2020-04-11 22:45:13,-0.7893,113.9213,3842,327,286,130686073.0,38335816.0,30565834.0,20009891.0,10752792.0,5434236.0,1856684.0,237641326.0,54.992990991810906,16.13179687442074,12.86217111917647,8.420206761512516,4.524798855902698,2.2867386289537874,0.7812967682228805,0.285129906235248,8.511192087454452,1.3760232931876504
Iran,2020-04-11 22:45:13,32.427908,53.68804599999999,70029,4357,41947,39245674.0,15638511.0,10351430.0,7276564.0,4254037.0,2064017.0,1096037.0,79926270.0,49.10234645004702,19.56617142273748,12.95122367151626,9.104095562072395,5.322451554413837,2.582401255557153,1.3713100836558494,0.3585481306709296,6.221708149480929,54.512740304282936
Ireland,2020-04-11 22:45:13,53.1424,-7.6921,8928,320,25,1894762.0,733791.0,705708.0,582705.0,459496.0,295945.0,157985.0,4830392.0,39.22584336840571,15.191127345358307,14.60974595850606,12.063306663310142,9.512602703879933,6.126728431150101,3.270645529389747,0.7196789411708201,3.584229390681003,66.24721140644486
Israel,2020-04-11 22:45:13,31.046051,34.851612,10743,101,1341,4374894.0,1152735.0,1018136.0,799442.0,711310.0,404484.0,252264.0,8713265.0,50.20958274538878,13.229656162184899,11.684896534192408,9.174999268356924,8.163529974125657,4.642163414058909,2.8951719016924193,0.5921329031080771,0.9401470725123336,11.591521662660323
Italy,2020-04-11 22:45:13,41.87194,12.56738,152271,19468,32534,17213699.0,7208084.0,9427258.0,9212746.0,7334964.0,5880222.0,4207000.0,60483973.0,28.45993433665477,11.917345442899393,15.586373600160162,15.231714358446657,12.127120022356996,9.7219506397174,6.955561599764619,1.189181689503102,12.785100248898345,321.8703903594428
Japan,2020-04-11 22:45:13,36.204824,138.252924,6005,99,762,33993000.0,14717000.0,18796000.0,15919000.0,17125000.0,14969000.0,11010000.0,126529000.0,26.865777805878494,11.631325624955544,14.855092508436801,12.581305471472943,13.534446648594392,11.830489453010774,8.701562487651051,1.415051885338539,1.6486261448792672,0.7824293245026832
Jordan,2020-04-11 22:45:13,31.24,36.51,381,7,177,5998489.0,1385590.0,1034340.0,594536.0,302731.0,163979.0,64031.0,9543696.0,62.852892631953075,14.518379462212543,10.837939515256982,6.229620054955648,3.1720520016563816,1.71819177811196,0.6709245558534136,0.2200443937023979,1.837270341207349,0.7334684591797559
Kazakhstan,2020-04-11 22:45:13,48.0196,66.9237,865,10,81,9121369.0,2825803.0,2232234.0,2000061.0,1291452.0,552974.5,252558.5,18276452.0,49.90776656213142,15.461441859722008,12.213716316492938,10.943376756057468,7.066207379856879,3.0256118638344027,1.3818792619048816,0.40703839290032884,1.1560693641618496,0.5471521496623086
Kenya,2020-04-11 22:45:13,-0.0236,37.9062,191,7,24,27717749.0,4528138.0,2748914.0,1668159.0,984541.0,557809.0,383701.0,38589011.0,71.82808857164025,11.73426807958359,7.123566862078948,4.322886119056019,2.5513506941134096,1.4455125579663082,0.9943271155614741,0.20816823214256516,3.664921465968586,0.181398792521529
"Korea, South",2020-04-11 22:45:13,35.90775700000001,127.766922,10480,211,7243,16400577.0,7467083.0,8512524.0,8463461.0,5749217.0,3376657.0,1637114.0,51606633.0,31.779978748080694,14.469231116085407,16.495019157711763,16.39994804543827,11.140461343409093,6.543067826184282,3.1722937630904924,0.7734280300751262,2.013358778625954,4.088621708763678
Kuwait,2020-04-11 22:45:13,29.31166,47.481766,1154,1,133,1532136.0,744423.0,477261.0,211590.0,68566.0,24499.0,7926.0,3066401.0,49.96528503610585,24.276766150284974,15.5642070296742,6.900271686579805,2.2360415353373546,0.7989496481379963,0.258478913879822,0.15394799962561975,0.08665511265164644,0.32611520802399946
Kyrgyzstan,2020-04-11 22:45:13,41.20438,74.766098,339,5,44,3692968.0,953896.0,671759.0,570264.0,328396.0,109278.0,62939.0,6389500.0,57.79744893966664,14.929118084357148,10.513483058142265,8.925017607011505,5.13961968855153,1.7102746693794506,0.9850379528914625,0.2827015102903201,1.4749262536873156,0.7825338445887785
Laos,2020-04-11 22:45:13,19.85627,102.495496,18,0,0,4048833.0,916317.0,639777.0,465025.0,246080.0,118505.0,59009.0,6493546.0,62.35164885256839,14.111195947483857,9.852505857354364,7.161341430398737,3.789608944019185,1.8249658969074833,0.9087330712679944,0.25335551638503834,0.0,0.0
Latvia,2020-04-11 22:45:13,56.8796,24.6032,630,3,16,616828.0,264821.0,262146.0,275831.0,237452.0,173019.0,104332.0,1934429.0,31.886825518021077,13.68987954585048,13.551595845595779,14.259039747646462,12.275043436590332,8.944189732474026,5.393426173821836,1.0413301289424424,0.4761904761904762,1.550845236501314
Lebanon,2020-04-11 22:45:13,33.8547,35.8623,619,20,77,1965309.0,526325.0,441755.0,323275.0,262044.0,176574.0,63852.0,3759134.0,52.280897674836815,14.001230070542844,11.75150978922273,8.599720041903268,6.970860841885392,4.697198876124128,1.698582705484827,0.48899203912390454,3.231017770597738,5.320374320255676
Liberia,2020-04-11 22:45:13,6.4280550000000005,-9.429499,48,5,3,2468555.0,423168.0,274544.0,139400.0,92637.0,48659.0,29645.0,3476608.0,71.00469768233864,12.171864069805972,7.896892603365119,4.009655388240492,2.66457995839623,1.399611345311292,0.852698952542248,0.19765369003350394,10.416666666666668,1.4381834247634475
Libya,2020-04-11 22:45:13,26.3351,17.228331,24,1,8,3358604.0,883628.0,480991.0,254896.0,175145.0,103526.0,41362.0,5298152.0,63.391990263774986,16.678041702087825,9.078467359939843,4.811035998967187,3.3057752967449785,1.9540020746856641,0.7806873037995135,0.23481885759411963,4.166666666666666,0.18874505676696327
Liechtenstein,2020-04-11 22:45:13,47.14,9.55,79,1,55,12254.0,4788.0,5730.0,6260.0,4680.0,3036.0,1429.0,38177.0,32.097859968043586,12.541582628284045,15.009036854650706,16.397307279251905,12.258689787044556,7.952432092621212,3.7430913901039893,0.88847735547581,1.2658227848101267,26.19378159624905
Lithuania,2020-04-11 22:45:13,55.1694,23.8813,1026,23,54,919678.0,346610.0,381161.0,431278.0,333514.0,238137.0,158523.0,2808901.0,32.74155977729368,12.339701541634966,13.569755573443137,15.353976519642378,11.873469374677143,8.477942084822498,5.6435951284861945,1.0363177627121782,2.241715399610136,8.188255833865274
Luxembourg,2020-04-11 22:45:13,49.8153,6.1296,3270,62,500,212795.0,93391.0,91457.0,85824.0,58477.0,36305.0,23784.0,602033.0,35.34606906930351,15.512604790767284,15.191359942062977,14.255696946845106,9.713254921241859,6.030400326892379,3.950614002886885,0.7771769986030665,1.8960244648318043,102.9843878990022
Malawi,2020-04-11 22:45:13,-13.254307999999998,34.301525,12,2,0,9628698.0,1450877.0,784421.0,527848.0,338508.0,212789.0,136554.0,13079695.0,73.61561565464638,11.092590461780645,5.997242290435671,4.035629271171843,2.588041999450293,1.6268651524366584,1.0440151700785072,0.2171772736290869,16.666666666666664,0.15290876430987116
Malaysia,2020-04-11 22:45:13,4.210483999999999,101.975766,4530,73,1995,16347885.0,4404087.0,3521858.0,2624312.0,1499632.0,686716.0,252305.0,29336795.0,55.72484997083015,15.01216134891354,12.004917374239415,8.945462515588359,5.111778570222139,2.3408010316055314,0.860029188600868,0.3020521532771388,1.6114790286975718,2.4883427109198535
Maldives,2020-04-11 22:45:13,3.2028,73.2207,19,0,13,283538.041278,122193.122386,62425.071803000006,36364.86350100001,17339.028805,8068.043272,4012.78725,533940.958295,53.10288279501991,22.885137483401085,11.69138101005363,6.810652551758088,3.2473681847460494,1.511036594338665,0.7515413806825721,0.22961520443738562,0.0,0.0
Mali,2020-04-11 22:45:13,17.570692,-3.996166000000001,87,7,22,10418963.0,1464747.0,992490.0,664483.0,416392.0,210483.0,85594.0,14253152.0,73.0993607589395,10.276653192220218,6.9633018717544015,4.6620073931717,2.9214029289802004,1.4767470381288295,0.600526816805153,0.18644708202087512,8.045977011494253,0.4911194380022047
Malta,2020-04-11 22:45:13,35.9375,14.3754,370,3,16,160138.0,75127.0,61835.0,59051.0,59335.0,40276.0,19939.0,475701.0,33.663582796756785,15.792903525533896,12.998711375422797,12.41346980561319,12.473171172648364,8.466662882777207,4.1914984412477585,0.9313974534423934,0.8108108108108109,6.306482433293183
Mauritania,2020-04-11 22:45:13,21.0079,-10.9408,7,1,2,2485496.0,392482.0,276149.0,184210.0,109294.0,60197.0,29540.0,3537368.0,70.26399288962867,11.095311542367094,7.806623455631419,5.207544140162969,3.089698329379358,1.7017454785591999,0.8350841642712887,0.21937870190491915,14.285714285714285,0.2826960610261641
Mauritius,2020-04-11 22:45:13,-20.348404,57.552152,319,9,28,518323.0,182428.0,172181.0,180356.0,131091.0,56580.0,24344.0,1265303.0,40.964338186189394,14.417732353436291,13.607886806559378,14.253977110620935,10.360443308835908,4.471656196183839,1.9239660381742556,0.5712549484194696,2.8213166144200628,7.1129207786593405
Mexico,2020-04-11 22:45:13,23.6345,-102.5528,3844,233,633,65598942.0,18616022.0,16029594.0,12397632.0,7878236.0,4082445.0,1974820.0,126577691.0,51.82504237654327,14.707190384757455,12.663838211427002,9.794484242882895,6.2240320057663245,3.225248436551114,1.5601643420719373,0.4109269610550883,6.061394380853278,1.8407667114104649
Moldova,2020-04-11 22:45:13,47.4116,28.3699,1560,30,75,1020041.0,416064.0,341298.0,376707.0,351174.0,137631.0,63132.0,2706047.0,37.69487374018263,15.375342704690642,12.61241951821236,13.920933376249561,12.977379919860962,5.086053568175275,2.3329971726285614,0.6650082943866089,1.9230769230769231,11.086281945583355
Monaco,2020-04-11 22:45:13,43.7333,7.4167,92,1,5,8923.122344,3161.528869,3855.000946,5287.794748,4867.354858999999,4514.593665,6698.604562799999,37307.9999938,23.91745026665295,8.474131203831341,10.332907008257319,14.173353567274441,13.046410581668482,12.100872911306569,17.954874461008906,2.0842851075850373,1.0869565217391304,26.80390265267997
Mongolia,2020-04-11 22:45:13,46.8625,103.8467,16,0,4,1763291.0,531995.0,408995.5,294755.5,132639.5,55626.0,20886.5,3208189.0,54.962192065367724,16.582408330681268,12.74848520458115,9.187597738163182,4.134404176312556,1.7338754044727414,0.6510370804213842,0.24952865931527105,0.0,0.0
Montenegro,2020-04-11 22:45:13,42.708678000000006,19.37439,263,2,5,233706.0,90781.0,82155.0,83322.0,74310.0,38487.0,19599.0,622360.0,37.55157786490134,14.586573687254964,13.200559161899866,13.38807121280288,11.940034706600681,6.184041390834887,3.1491419757053793,0.753091940356064,0.7604562737642585,3.213574137155344
Morocco,2020-04-11 22:45:13,31.7917,-7.0926,1545,111,146,17839185.0,4094922.0,3350153.0,1986751.0,1275955.0,1336440.0,386778.0,30270184.0,58.933189834591026,13.527905875960316,11.06750127452149,6.563392544954468,4.215220495521269,4.415037582857111,1.277752391594316,0.39592207302076526,7.184466019417475,3.666974736592285
Mozambique,2020-04-11 22:45:13,-18.665695,35.529562,20,0,2,14717617.0,2289141.0,1405501.0,917188.0,541337.0,270077.0,111362.0,20252223.0,72.6716123953405,11.303159164305074,6.939983823010441,4.528826292303813,2.672975702469798,1.3335671842049142,0.5498754383654575,0.17338750417670198,0.0,0.0
Namibia,2020-04-11 22:45:13,-22.9576,18.4904,16,0,3,1401824.0,273985.0,178591.0,109374.0,71909.0,41333.0,36061.0,2113077.0,66.34041258316662,12.96616261499226,8.451703369067951,5.17605368853099,3.403046836438047,1.9560574460845488,1.7065634617195684,0.30015082271019944,0.0,0.0
Nepal,2020-04-11 22:45:13,28.1667,84.25,9,0,1,16617651.0,3339624.0,2559080.0,1823739.0,1311276.0,630288.0,212846.0,26494504.0,62.72112510579553,12.604968939973363,9.658908881630696,6.883461566217658,4.9492377739926745,2.3789386659210527,0.8033590664690307,0.2841725061167403,0.0,0.0
Netherlands,2020-04-11 22:45:13,12.5211,-69.9683,24571,2653,291,5985594.0,2078145.0,2307135.0,2491356.0,2079275.0,1460665.0,778914.0,17181084.0,34.83827912138722,12.095540653895878,13.428343636524914,14.500575167434137,12.102117654508877,8.501588141935631,4.533555624313344,0.9570422448315834,10.797281347930488,154.4140055423744
New Zealand,2020-04-11 22:45:13,-40.9006,174.886,1312,4,422,1997170.0,628370.0,615530.0,625520.0,509190.0,333670.0,176080.0,4885530.0,40.87929047616123,12.8618594093169,12.599042478502845,12.803523875608175,10.422410669876145,6.8297605377512784,3.6041125527834237,0.7861869643621061,0.3048780487804878,0.8187443327540717
Nicaragua,2020-04-11 22:45:13,12.865416,-85.207229,8,1,0,3466062.0,632253.0,451622.0,278984.0,165848.0,96194.0,51135.0,5142098.0,67.40559981548387,12.295623303951034,8.782835332971095,5.425489751459424,3.2252983120897345,1.8707150272126278,0.9944384568322112,0.24320020738616804,12.5,0.19447315084232156
Niger,2020-04-11 22:45:13,17.607789,8.081666,491,11,41,12974695.0,1627346.0,1081951.0,696880.0,414139.0,244485.0,102898.0,17142394.0,75.68776566446903,9.493108138804883,6.3115513504123175,4.065243162652778,2.415876102252696,1.4262010311978597,0.6002545502104315,0.17284874563027777,2.240325865580448,0.6416840028294765
Nigeria,2020-04-11 22:45:13,9.082,8.6753,318,10,70,99282221.0,16799293.0,11047763.0,6315466.0,3601334.0,1910435.0,1475278.0,140431790.0,70.69782490132755,11.962599778867734,7.866995784928754,4.497176885661003,2.564472047247991,1.3604006614171904,1.0505299405497859,0.21042076797568413,3.1446540880503147,0.0712089477745744
North Macedonia,2020-04-11 22:45:13,41.6086,21.7453,760,34,41,763779.0,323960.0,296101.0,281173.0,233258.0,125520.0,51489.0,2075280.0,36.80366022898115,15.610423653675648,14.268002390038934,13.548677768783007,11.239832697274585,6.048340464901122,2.481062796345553,0.6913857889055934,4.473684210526316,16.383331405882583
Norway,2020-04-11 22:45:13,60.472,8.4689,6409,119,32,1974838.0,708384.0,735068.0,680725.0,572322.0,401530.0,222752.0,5295619.0,37.291919981403495,13.376793156758445,13.88068137077082,12.854493497360743,10.807461790585766,7.582305298020874,4.206344905099857,0.869683336357846,1.8567639257294428,22.471405136963213
Oman,2020-04-11 22:45:13,21.512583,55.92325500000001,546,3,109,1725788.0,512347.0,275503.0,146220.0,65087.0,33077.0,15457.0,2773479.0,62.224664401641405,18.473080199994303,9.933480657326053,5.27207885835804,2.3467637577208986,1.1926176473663583,0.5573144775929437,0.17610553388001138,0.5494505494505495,1.0816739553463357
Pakistan,2020-04-11 22:45:13,30.3753,69.3451,5011,86,762,104018342.66,16784741.868,13054144.396000002,8130292.144,4972174.409,2118244.3173,782448.2018,149860387.99609998,69.41016505489563,11.200252509980698,8.710870544616318,5.425244290847282,3.3178710368275555,1.4134784686098145,0.5221180942227127,0.18975224270465682,1.7162243065256437,0.5738674585724287
Panama,2020-04-11 22:45:13,8.538,-80.7821,2974,74,17,2124907.0,607864.0,549248.0,426535.0,273752.0,152945.0,89741.0,4224992.0,50.29375203550681,14.38734085176966,12.999977278063485,10.095522074361323,6.479349546697366,3.620006854450849,2.1240513591505024,0.47355164222796164,2.488231338264963,17.514826063575978
Papua New Guinea,2020-04-11 22:45:13,-6.314993,143.95555,2,0,0,3552620.0,714597.0,451125.0,259721.0,146724.0,51998.0,14001.0,5190786.0,68.44088737235555,13.766643433191042,8.69088034066517,5.0035004332677175,2.826623944812982,1.0017365385511945,0.26972793715633814,0.14736596731207952,0.0,0.0
Paraguay,2020-04-11 22:45:13,-23.4425,-58.4438,133,6,18,3324427.0,640713.0,511801.0,318024.0,195371.0,118639.0,54223.0,5163198.0,64.3869748942419,12.409227769301118,9.912480598264874,6.159438394576385,3.7839145428860173,2.2977813362958384,1.0501824644338644,0.2781359149891211,4.511278195488721,1.16207048422315
Peru,2020-04-11 22:45:13,-9.19,-75.0152,6848,181,1739,15071585.0,4379777.0,3660378.0,2772568.0,1846407.0,1078066.0,573103.0,29381884.0,51.29550235784745,14.906385853269313,12.457941771194795,9.436317970624348,6.284168162940131,3.669152053013346,1.950531831110626,0.4575839520706025,2.6431074766355143,6.1602584776388065
Philippines,2020-04-11 22:45:13,12.879721,121.774017,4428,247,157,60174919.0,14084581.0,11133653.0,8037381.0,4677308.0,1793654.0,792283.0,100693779.0,59.76031448775003,13.987538395991672,11.05694225658171,7.982003535690124,4.645081400708976,1.7812957441988546,0.7868241790786301,0.25989577370018063,5.578139114724481,2.452981727898006
Poland,2020-04-11 22:45:13,51.9194,19.1451,6356,208,375,12496426.0,6123193.0,5241089.0,4866444.0,5095197.0,2516659.0,1637679.0,37976687.0,32.905519114924374,16.12355759205641,13.800806268329833,12.81429314779354,13.416644269153863,6.626852416062517,4.312327191679464,0.877873412180478,3.2724984266834483,5.47704437725176
Portugal,2020-04-11 22:45:13,39.3999,-8.2245,15987,470,266,3066564.0,1296718.0,1579162.0,1476210.0,1278985.0,946500.0,646888.0,10291027.0,29.79842536609806,12.600472236638774,15.345037963655134,14.344632464767606,12.428157073147315,9.197332783210072,6.285942112483039,1.119819537933386,2.939888659535873,45.67085481361578
Qatar,2020-04-11 22:45:13,25.3548,51.1839,2728,6,247,1188727.0,886212.0,443236.0,175459.0,50049.0,12288.0,4199.0,2760170.0,43.06716615280943,32.1071528202973,16.05828626497643,6.356818601752791,1.813257879043682,0.445189970182996,0.1521283109373698,0.13088798878329957,0.21994134897360706,2.17377915128416
Romania,2020-04-11 22:45:13,45.9432,24.9668,5990,291,758,6340634.0,2755849.0,3150010.0,2382990.0,2538635.0,1478394.0,884119.0,19530631.0,32.46507498912862,14.110394077897432,16.128562359301142,12.201295493217808,12.998223150086652,7.569617182363437,4.5268327480049155,0.9254429823593513,4.858096828046745,14.899672212331492
Russia,2020-04-11 22:45:13,61.52401,105.318756,13584,106,1045,53569774.0,21650532.0,19235579.0,21796855.0,12709367.0,9853932.0,4385691.0,143201730.0,37.40860812226221,15.118903940615802,13.43250462127797,15.22108357210489,8.875149064190776,6.88115429890407,3.062596380644284,0.7389595530724385,0.7803297997644287,0.7402145211513855
Rwanda,2020-04-11 22:45:13,-1.9403,29.8739,120,0,18,7397637.0,1270550.0,756416.0,579632.0,278892.0,152513.0,84970.0,10520610.0,70.3156661068132,12.07677121383646,7.1898492577901845,5.509490419281772,2.650910926267583,1.4496592878169612,0.8076527881938405,0.20155459616885335,0.0,0.0
Saint Kitts and Nevis,2020-04-11 22:45:13,17.357822,-62.782998,12,0,0,23120.0,6010.0,4400.0,2490.0,1660.0,1510.0,1220.0,40410.0,57.21356099975253,14.872556297946051,10.888393961890621,6.161841128433556,4.1078940856223705,3.7366988369215544,3.0190546894333083,0.4900767136847315,0.0,0.0
Saint Lucia,2020-04-11 22:45:13,13.9094,-60.9789,15,0,1,76777.11517,28618.01532,25699.825940000002,22803.620779999997,13887.449246999999,7448.634802,3461.0,178695.66125900001,42.96529340951367,16.014946931767575,14.381896996788795,12.761149666050715,7.771564876928738,4.168335565352093,1.9368125535984084,0.5167038489159157,0.0,0.0
Saint Vincent and the Grenadines,2020-04-11 22:45:13,12.9843,-61.2872,12,0,1,54459.095437,15614.452197,14814.389423,11732.713824,6749.254524,4571.816897000001,2665.9140580000003,110607.63636,49.236288948214536,14.116974840849949,13.393640720052,10.60750795344091,6.10197880192727,4.13336460976337,2.4102441257519702,0.5127425846775414,0.0,0.0
San Marino,2020-04-11 22:45:13,43.9424,12.4578,356,35,53,9894.0,4050.0,5903.0,5875.0,4002.0,2770.0,1982.0,34476.0,28.698224852071007,11.747302471284373,17.1220559229609,17.04084000464091,11.608075182735817,8.034574776656225,5.748926789650772,1.0305632904049193,9.831460674157304,1015.1989789998839
Sao Tome and Principe,2020-04-11 22:45:13,0.18636,6.613081,4,0,0,123865.0,22253.0,14190.0,9180.0,4586.0,3289.0,1605.0,178968.0,69.21069688435921,12.434066425282731,7.928791739305351,5.129408609360333,2.5624692682490724,1.8377587054668991,0.896808367976398,0.22291135845514284,0.0,0.0
Saudi Arabia,2020-04-11 22:45:13,23.885942,45.079162,4033,52,720,16299463.0,6835445.0,5617841.0,2824195.0,1185165.0,451097.0,200454.0,33413660.0,48.78083693914405,20.457037630717497,16.813007015693582,8.452216847840074,3.546947565756041,1.3500376792006623,0.5999163216480924,0.2255287208884031,1.2893627572526656,1.5562497493540066
Senegal,2020-04-11 22:45:13,14.4974,-14.4524,278,2,152,8978087.0,8860856.0,981240.0,694361.0,403976.0,208755.0,98630.0,20225905.0,44.389049587645154,43.80944140694817,4.851402199308263,3.433028089472387,1.9973197738247066,1.0321169806740416,0.4876419621272818,0.17184400401366468,0.7194244604316548,0.09888309076899154
Serbia,2020-04-11 22:45:13,44.0165,21.0059,3380,74,0,2181203.0,967875.0,966253.0,958561.0,1034478.0,578595.0,314479.0,7001444.0,31.15361631114953,13.823934034179237,13.800767384556673,13.690904333448927,14.77520922826777,8.263938124763976,4.49163058363389,0.9827631985630392,2.1893491124260356,10.569248286496329
Seychelles,2020-04-11 22:45:13,-4.6796,55.492,11,0,0,32900.0,17313.0,15298.0,15280.0,9675.0,3614.0,1763.0,95843.0,34.32697223584404,18.063917030977745,15.961520403159332,15.942739688866167,10.094633932577237,3.770750080861409,1.839466627714074,0.5437997558507142,0.0,0.0
Sierra Leone,2020-04-11 22:45:13,8.460555000000001,-11.779889,8,0,0,5038882.0,855375.0,541403.0,297242.0,186404.0,105296.0,67511.0,7092113.0,71.04909354941185,12.060933039278984,7.633874417962602,4.191162774761203,2.628328116035376,1.484691515772521,0.9519165867774527,0.20826410972301204,0.0,0.0
Singapore,2020-04-11 22:45:13,1.2833,103.8333,2299,8,528,1364791.0,4926042.0,611478.0,613355.0,483789.0,228873.0,106880.0,8335208.0,16.373808548029032,59.09920904193393,7.33608567416674,7.358604608307314,5.804162295649971,2.745858291718695,1.2822715401943179,0.3933276050219743,0.34797738147020446,0.9597840869717948
Slovakia,2020-04-11 22:45:13,48.669,19.699,728,2,23,1826341.0,874811.0,811753.0,718405.0,677096.0,358506.0,176208.0,5443120.0,33.55320110524846,16.071866870471347,14.913376886785521,13.198404591484294,12.439483237554931,6.5864063257837415,3.237260982671703,0.7866693734475816,0.27472527472527475,0.36743632328517467
Slovenia,2020-04-11 22:45:13,46.1512,14.9955,1188,50,148,622707.0,293359.0,299618.0,303469.0,272674.0,166800.0,108253.0,2066880.0,30.12787389688806,14.193325205140114,14.496148784641585,14.682468261340764,13.192541415079734,8.07013469577334,5.237507741136399,1.009423817541415,4.208754208754209,24.191051246322964
Somalia,2020-04-11 22:45:13,5.152149,46.199616,21,1,1,3034169.0,794382.0,560928.0,299358.0,132084.0,41857.0,16932.0,4879710.0,62.17928934301423,16.279287088781917,11.49510934051409,6.13474981095188,2.706800199192165,0.8577763842523428,0.3469878332933719,0.1547829071809595,4.761904761904762,0.20493021101663828
Spain,2020-04-11 22:45:13,40.463667,-3.74922,163027,16606,59109,14016234.0,6431119.0,7740481.0,6797280.0,5119970.0,3665248.0,2888115.0,46658447.0,30.04007827350105,13.783397034196188,16.589667032852592,14.568165974319719,10.9732970752327,7.855486488866635,6.189908121031118,1.036704487828324,10.186042802725929,355.9055448202123
Sri Lanka,2020-04-11 22:45:13,7.873054,80.77179699999998,198,7,54,9861646.0,3048492.0,2645039.0,2283689.0,1551199.0,695600.0,275963.0,20361628.0,48.43250254842098,14.971749803110047,12.990311973089774,11.215650339943348,7.618246438840745,3.4162297828051864,1.355309113789919,0.4315784965720815,3.535353535353535,0.34378390568769845
Sudan,2020-04-11 22:45:13,12.8628,30.2176,19,2,2,27515642.0,4847230.0,3335289.0,2075061.0,1128916.0,529443.0,216042.0,39647623.0,69.40048335306255,12.2257770661308,8.412330292789557,5.233758906555382,2.8473737252798235,1.335371353788347,0.5449053023935382,0.18093789884957293,10.526315789473683,0.050444386035450345
Suriname,2020-04-11 22:45:13,3.9193,-56.0278,10,1,4,293500.0,84400.0,75400.0,61200.0,40000.0,20500.0,8200.0,583200.0,50.325788751714676,14.4718792866941,12.928669410150892,10.493827160493826,6.858710562414267,3.5150891632373114,1.4060356652949246,0.42463991769547327,10.0,1.7146776406035664
Sweden,2020-04-11 22:45:13,60.128161,18.643501,10151,887,381,3690437.0,1290686.0,1298352.0,1269914.0,1125099.0,933084.0,512670.0,10120242.0,36.465896764128765,12.75350925402772,12.829258430776655,12.548257245231884,11.117313202589424,9.219977150744024,5.065787952501531,1.0037312447666766,8.738055364003547,87.64612545826473
Switzerland,2020-04-11 22:45:13,46.8182,8.2275,25107,1036,12100,2756824.0,1207527.0,1214020.0,1284810.0,921658.0,694606.0,439383.0,8518828.0,32.361540812891164,14.174801979802856,14.251021384631782,15.082004238141678,10.819070416728687,8.153774204620635,5.157786963183198,0.9730128487158092,4.126339267933245,121.61297305216165
Tanzania,2020-04-11 22:45:13,-6.369028,34.888822,32,3,5,31680825.0,5350630.0,3405033.0,1984867.0,1263553.0,769962.0,474053.0,44928923.0,70.51320816214535,11.90909917871835,7.578710489009496,4.417793411161893,2.812337611564826,1.7137334896721206,1.0551176577279628,0.2290030588981623,9.375,0.06677213250805056
Thailand,2020-04-11 22:45:13,15.870032,100.992541,2518,35,1135,27370497.599999998,11009765.8,10938077.6,8155120.8,4698749.6,2731023.9,1078423.0,65981658.3,41.481978939592665,16.686100476501668,16.57745179769148,12.359678447184466,7.12129661645682,4.139065265051091,1.6344284575218082,0.48518037064855046,1.3899920571882445,0.5304504448928045
Timor-Leste,2020-04-11 22:45:13,-8.874217,125.727539,2,0,1,799482.0,121285.0,103194.0,62740.0,59418.0,28114.0,9410.0,1183643.0,67.5441835080341,10.24675514492123,8.7183382151544,5.3005847202239185,5.019925771537532,2.375209417028614,0.7950032231002084,0.2748405558094797,0.0,0.0
Togo,2020-04-11 22:45:13,8.6195,0.8248,76,3,25,4249165.0,776388.0,520030.0,294183.0,169018.0,95330.0,73591.0,6177705.0,68.78225813631438,12.567579707998359,8.417850965690334,4.762011135203122,2.73593510858806,1.5431296897472442,1.191235256458507,0.23319601696746609,3.9473684210526314,0.4856172316418476
Trinidad and Tobago,2020-04-11 22:45:13,10.6918,-61.2225,112,8,12,622685.6714100001,202387.74692,186204.40923,163855.01756,105510.41768,52136.6625,23853.107930000002,1356633.03323,45.89934463909162,14.918385588631597,13.725481001053538,12.078064852208303,7.7773734750355334,3.8430925108662666,1.7582579331131478,0.48546427727544744,7.142857142857142,5.896952089507098
Tunisia,2020-04-11 22:45:13,33.886917,9.537499,685,28,43,5298333.0,1800767.0,1410804.0,1185776.0,687727.0,387577.0,211769.0,10982753.0,48.24230318208922,16.39631702543069,12.84563169179895,10.796710078065127,6.261881697603506,3.528960361759934,1.9281959632525651,0.45693241940340457,4.087591240875913,2.5494518541935705
Turkey,2020-04-11 22:45:13,38.9637,35.2433,52167,1101,2965,37727240.0,12202240.0,9660169.5,7382315.5,4515783.0,2585965.0,1102113.5,75175826.5,50.185334510422706,16.231600726065846,12.850100823301226,9.820065629740698,6.006961559644442,3.4398890180475767,1.4660477327775039,0.41193705199902253,2.110529645177986,14.645665385534537
US,2020-04-11 22:45:33,34.22333378,-82.46170658,526396,20463,31270,127418000.0,43699605.0,40461436.0,42825549.0,37418544.0,22672489.0,12671811.0,327167434.0,38.94580779088177,13.356954408854763,12.367195446475886,13.089795789393879,11.437123659440994,6.929934536210594,3.873188368742104,0.8264969355110081,3.8873775636592987,62.54595620907672
Uganda,2020-04-11 22:45:13,1.373333,32.290275,53,0,4,26234569.0,3487576.0,2193541.0,1288387.0,741203.0,427709.0,261665.0,34634650.0,75.746597699125,10.069615255242944,6.333371349212421,3.7199365375426057,2.140062047689236,1.2349164781512156,0.7555006330365688,0.17088111760909952,0.0,0.0
Ukraine,2020-04-11 22:45:13,48.3794,31.1656,2511,73,79,13740593.0,6885439.0,5934476.0,5976513.0,5076996.0,2924847.0,1677902.0,42216766.0,32.547715758236905,16.309726330055693,14.057154449016773,14.156728632411115,12.026018288563364,6.928164511701346,3.974492030014805,0.8514585698013911,2.9072082835523694,1.729170822795853
United Arab Emirates,2020-04-11 22:45:13,23.424076,53.847818,3736,20,588,2128164.0,1140967.0,567031.0,205985.0,41804.0,13681.0,5391.0,4103023.0,51.868195718132704,27.80796013085961,13.81983479010476,5.020322820515507,1.0188585343050722,0.3334370779788463,0.13139092810349834,0.10078990539414477,0.5353319057815845,4.874454761769553
United Kingdom,2020-04-11 22:45:13,18.2206,-63.0686,79874,9892,622,24289770.0,8776124.0,8566903.0,8911564.0,7075336.0,5392688.0,3261191.0,66273576.0,36.650761081611165,13.242267174476899,12.926574235257803,13.446632184145308,10.67595326378646,8.13701074467447,4.920801316047893,0.9442838258795632,12.384505596314195,149.26009123153395
Uruguay,2020-04-11 22:45:13,-32.5228,-55.7658,494,7,214,1484938.7599300004,482834.27867,460244.41153,402035.34898,330482.82632,218938.87806999998,139077.985712,3518552.489212001,42.20311518679548,13.72252595777343,13.080504353455707,11.426157495522768,9.392579116931502,6.222413300391961,3.9527045891291293,0.7655548493814445,1.417004048582996,1.9894544763684021
Uzbekistan,2020-04-11 22:45:13,41.377491,64.585262,767,4,42,18184841.0,5102182.0,3733945.0,3007048.0,1538002.0,544093.0,278452.0,32388563.0,56.14587161523653,15.753036033120704,11.528591126441762,9.284289642612425,4.748595978154388,1.6798923743544907,0.8597232300797043,0.2697831700653098,0.5215123859191656,0.12350038499701269
Venezuela,2020-04-11 22:45:13,6.4238,-66.5897,175,9,93,16303737.0,4926625.0,4003970.0,3310635.0,2047451.0,1009231.0,463092.0,32064741.0,50.84630809898012,15.364618101858362,12.487142808981366,10.324845599095903,6.385365782308986,3.1474790331223947,1.4442405756528645,0.4042585499131273,5.142857142857142,0.2806821361819202
Vietnam,2020-04-11 22:45:13,14.058324,108.277199,258,0,144,45001779.0,16086196.0,12941590.0,10770734.0,6677305.0,2812661.0,1918719.0,96208984.0,46.775027787425756,16.72005599809681,13.4515400349722,11.195143688452214,6.940417331504094,2.923491012024407,1.9943241475245181,0.44835988289825407,0.0,0.0
West Bank and Gaza,2020-04-11 22:45:13,31.9522,35.2332,268,2,57,2570498.0,421552.0,293263.0,157239.0,88061.0,53354.0,21635.0,3605602.0,71.29178428456608,11.691584373427794,8.133537755969739,4.3609638556890085,2.442338339062381,1.4797528956329622,0.6000384956520437,0.1807361988372538,0.7462686567164178,0.5546923925602437
Zambia,2020-04-11 22:45:13,-13.133897,27.849332,40,2,28,9726003.0,1523229.0,849402.0,479026.0,291494.0,156411.0,67101.0,13092666.0,74.28588646498736,11.634215674638,6.487616807760925,3.658735356114637,2.2263914774882365,1.1946459185623461,0.5125083004485107,0.15442301819965468,5.0,0.1527572764782971
Zimbabwe,2020-04-11 22:45:13,-19.015438,29.154857,14,3,0,9111669.0,1657488.0,872800.0,633199.0,393829.0,226766.0,137825.0,13033576.0,69.90920220206641,12.71706245469394,6.696550509238601,4.858213893101939,3.021649622482732,1.7398601887923928,1.0574611296239804,0.23512240232458076,21.428571428571427,0.230174742526533
